event_date,campaign,source,medium,sessions_start_count,visit_to_cart,visit_to_checkout,visit_to_purchase
2020-11-01,(data deleted),(data deleted),(data deleted),122,0.0,4.918032786885246,0.819672131147541
2020-11-01,(data deleted),<Other>,(data deleted),3,0.0,0.0,0.0
2020-11-01,(direct),(direct),(none),611,0.0,3.764320785597381,0.81833060556464821
2020-11-01,(organic),<Other>,organic,88,0.0,3.4090909090909087,0.0
2020-11-01,(organic),google,organic,824,0.0,2.6699029126213589,0.24271844660194172
2020-11-01,(referral),<Other>,referral,255,0.0,3.1372549019607843,0.78431372549019607
2020-11-01,(referral),shop.googlemerchandisestore.com,referral,212,0.47169811320754718,7.5471698113207548,0.94339622641509435
2020-11-01,<Other>,(data deleted),(data deleted),1,0.0,0.0,0.0
2020-11-01,<Other>,<Other>,<Other>,370,0.0,3.5135135135135136,0.27027027027027029
2020-11-01,<Other>,google,cpc,108,0.0,3.7037037037037033,0.0
2020-11-02,(data deleted),(data deleted),(data deleted),254,0.0,5.9055118110236222,2.7559055118110236
2020-11-02,(data deleted),<Other>,(data deleted),7,0.0,0.0,0.0
2020-11-02,(direct),(direct),(none),821,0.0,2.3142509135200973,0.85261875761266748
2020-11-02,(organic),<Other>,organic,109,0.0,2.7522935779816518,0.91743119266055051
2020-11-02,(organic),google,organic,1099,0.0,4.5495905368516834,0.81892629663330307
2020-11-02,(referral),<Other>,referral,360,0.0,3.0555555555555554,1.1111111111111112
2020-11-02,(referral),shop.googlemerchandisestore.com,referral,321,0.0,4.0498442367601246,2.1806853582554515
2020-11-02,<Other>,(data deleted),(data deleted),7,0.0,0.0,0.0
2020-11-02,<Other>,<Other>,<Other>,529,0.0,2.4574669187145557,0.56710775047258988
2020-11-02,<Other>,google,cpc,175,0.0,3.4285714285714288,1.1428571428571428
2020-11-03,(data deleted),(data deleted),(data deleted),322,0.0,4.3478260869565215,3.4161490683229814
2020-11-03,(data deleted),<Other>,(data deleted),10,0.0,0.0,0.0
2020-11-03,(direct),(direct),(none),1234,0.0,2.8363047001620743,0.97244732576985426
2020-11-03,(organic),<Other>,organic,135,0.0,1.4814814814814816,0.74074074074074081
2020-11-03,(organic),google,organic,1682,0.0,2.67538644470868,0.41617122473246138
2020-11-03,(referral),<Other>,referral,511,0.0,2.152641878669276,0.97847358121330719
2020-11-03,(referral),shop.googlemerchandisestore.com,referral,402,0.0,2.9850746268656714,0.99502487562189057
2020-11-03,<Other>,(data deleted),(data deleted),7,0.0,0.0,0.0
2020-11-03,<Other>,<Other>,<Other>,740,0.0,1.8918918918918921,0.67567567567567566
2020-11-03,<Other>,google,cpc,238,0.0,3.3613445378151261,0.42016806722689076
2020-11-04,(data deleted),(data deleted),(data deleted),300,0.0,4.666666666666667,2.0
2020-11-04,(data deleted),<Other>,(data deleted),6,0.0,0.0,0.0
2020-11-04,(direct),(direct),(none),954,0.0,2.4109014675052411,0.52410901467505244
2020-11-04,(organic),<Other>,organic,123,0.0,1.6260162601626018,0.81300813008130091
2020-11-04,(organic),google,organic,1310,0.0,2.5190839694656488,0.53435114503816794
2020-11-04,(referral),(data deleted),referral,0,,,
2020-11-04,(referral),<Other>,referral,408,0.0,2.4509803921568629,1.2254901960784315
2020-11-04,(referral),shop.googlemerchandisestore.com,referral,373,0.0,2.9490616621983912,0.80428954423592491
2020-11-04,<Other>,(data deleted),(data deleted),6,0.0,16.666666666666664,0.0
2020-11-04,<Other>,<Other>,<Other>,630,0.0,3.1746031746031744,0.31746031746031744
2020-11-04,<Other>,<Other>,referral,1,0.0,0.0,0.0
2020-11-04,<Other>,google,cpc,169,0.0,4.1420118343195274,0.591715976331361
2020-11-05,(data deleted),(data deleted),(data deleted),335,0.0,3.2835820895522385,1.4925373134328357
2020-11-05,(data deleted),<Other>,(data deleted),7,0.0,14.285714285714285,14.285714285714285
2020-11-05,(direct),(direct),(none),852,0.0,3.051643192488263,0.70422535211267612
2020-11-05,(organic),<Other>,organic,91,0.0,5.4945054945054945,0.0
2020-11-05,(organic),google,organic,1168,0.0,2.3116438356164384,0.085616438356164379
2020-11-05,(referral),<Other>,referral,357,0.0,4.7619047619047619,1.400560224089636
2020-11-05,(referral),shop.googlemerchandisestore.com,referral,342,0.0,3.8011695906432745,0.8771929824561403
2020-11-05,<Other>,(data deleted),(data deleted),8,0.0,12.5,12.5
2020-11-05,<Other>,<Other>,<Other>,480,0.0,3.5416666666666665,0.625
2020-11-05,<Other>,google,cpc,154,0.0,5.1948051948051948,0.64935064935064934
2020-11-06,(data deleted),(data deleted),(data deleted),265,0.0,4.5283018867924527,1.5094339622641511
2020-11-06,(data deleted),<Other>,(data deleted),6,0.0,16.666666666666664,0.0
2020-11-06,(direct),(direct),(none),748,0.0,4.0106951871657754,1.4705882352941175
2020-11-06,(organic),<Other>,organic,91,0.0,2.197802197802198,0.0
2020-11-06,(organic),google,organic,998,0.0,5.4108216432865728,1.7034068136272544
2020-11-06,(referral),(data deleted),referral,1,0.0,100.0,0.0
2020-11-06,(referral),<Other>,referral,293,0.0,6.1433447098976108,2.3890784982935154
2020-11-06,(referral),shop.googlemerchandisestore.com,referral,312,0.0,2.8846153846153846,1.6025641025641024
2020-11-06,<Other>,(data deleted),(data deleted),4,0.0,0.0,0.0
2020-11-06,<Other>,<Other>,<Other>,412,0.0,6.0679611650485441,0.72815533980582525
2020-11-06,<Other>,google,cpc,134,0.0,2.2388059701492535,0.74626865671641784
2020-11-07,(data deleted),(data deleted),(data deleted),132,0.0,4.5454545454545459,0.75757575757575757
2020-11-07,(direct),(direct),(none),548,0.0,4.9270072992700733,1.0948905109489051
2020-11-07,(organic),<Other>,organic,52,0.0,9.6153846153846168,1.9230769230769231
2020-11-07,(organic),google,organic,684,0.0,5.7017543859649118,1.4619883040935671
2020-11-07,(referral),<Other>,referral,227,0.0,3.9647577092511015,1.3215859030837005
2020-11-07,(referral),shop.googlemerchandisestore.com,referral,178,0.0,5.6179775280898872,1.1235955056179776
2020-11-07,<Other>,(data deleted),(data deleted),5,0.0,0.0,0.0
2020-11-07,<Other>,<Other>,<Other>,307,0.0,3.9087947882736152,0.97719869706840379
2020-11-07,<Other>,google,cpc,106,0.0,2.8301886792452833,1.8867924528301887
2020-11-08,(data deleted),(data deleted),(data deleted),137,0.0,3.64963503649635,2.9197080291970803
2020-11-08,(data deleted),<Other>,(data deleted),3,0.0,0.0,0.0
2020-11-08,(direct),(direct),(none),473,0.0,4.439746300211417,1.0570824524312896
2020-11-08,(organic),<Other>,organic,56,0.0,0.0,0.0
2020-11-08,(organic),google,organic,656,0.0,5.1829268292682924,1.3719512195121952
2020-11-08,(referral),<Other>,referral,216,0.0,5.0925925925925926,1.3888888888888888
2020-11-08,(referral),shop.googlemerchandisestore.com,referral,192,0.0,4.6875,2.083333333333333
2020-11-08,<Other>,(data deleted),(data deleted),2,0.0,50.0,50.0
2020-11-08,<Other>,<Other>,<Other>,309,0.0,6.1488673139158578,1.6181229773462782
2020-11-08,<Other>,google,cpc,88,0.0,0.0,0.0
2020-11-09,(data deleted),(data deleted),(data deleted),230,0.0,5.2173913043478262,2.6086956521739131
2020-11-09,(data deleted),<Other>,(data deleted),8,0.0,0.0,0.0
2020-11-09,(direct),(direct),(none),787,0.0,5.3367217280813213,1.3977128335451081
2020-11-09,(organic),<Other>,organic,90,0.0,2.2222222222222223,1.1111111111111112
2020-11-09,(organic),google,organic,972,0.0,3.8065843621399176,1.02880658436214
2020-11-09,(referral),<Other>,referral,294,0.0,3.4013605442176873,1.0204081632653061
2020-11-09,(referral),shop.googlemerchandisestore.com,referral,264,0.0,4.5454545454545459,1.893939393939394
2020-11-09,<Other>,(data deleted),(data deleted),6,0.0,0.0,0.0
2020-11-09,<Other>,<Other>,<Other>,454,0.0,3.9647577092511015,1.3215859030837005
2020-11-09,<Other>,google,cpc,122,0.0,3.278688524590164,0.0
2020-11-10,(data deleted),(data deleted),(data deleted),268,0.0,4.8507462686567164,2.6119402985074625
2020-11-10,(data deleted),<Other>,(data deleted),7,0.0,28.571428571428569,0.0
2020-11-10,(direct),(direct),(none),850,0.0,5.1764705882352944,1.8823529411764703
2020-11-10,(organic),<Other>,organic,93,0.0,4.3010752688172049,2.1505376344086025
2020-11-10,(organic),google,organic,1151,0.0,3.3883579496090355,1.3032145960034751
2020-11-10,(referral),<Other>,referral,387,0.0,4.3927648578811365,1.03359173126615
2020-11-10,(referral),shop.googlemerchandisestore.com,referral,345,0.0,4.9275362318840585,2.0289855072463765
2020-11-10,<Other>,(data deleted),(data deleted),3,0.0,33.333333333333329,33.333333333333329
2020-11-10,<Other>,<Other>,<Other>,518,0.0,5.019305019305019,1.9305019305019304
2020-11-10,<Other>,google,cpc,159,0.0,5.6603773584905666,1.257861635220126
2020-11-11,(data deleted),(data deleted),(data deleted),280,0.0,6.4285714285714279,3.214285714285714
2020-11-11,(data deleted),<Other>,(data deleted),7,0.0,0.0,0.0
2020-11-11,(direct),(direct),(none),826,0.0,3.5108958837772395,1.6949152542372881
2020-11-11,(organic),<Other>,organic,97,0.0,5.1546391752577314,2.0618556701030926
2020-11-11,(organic),google,organic,1187,0.0,4.2965459140690818,1.1794439764111204
2020-11-11,(referral),<Other>,referral,348,0.0,5.4597701149425291,2.5862068965517242
2020-11-11,(referral),shop.googlemerchandisestore.com,referral,309,0.0,4.53074433656958,1.6181229773462782
2020-11-11,<Other>,(data deleted),(data deleted),2,0.0,0.0,0.0
2020-11-11,<Other>,<Other>,<Other>,528,0.0,3.7878787878787881,1.3257575757575757
2020-11-11,<Other>,google,cpc,180,0.0,3.8888888888888888,1.6666666666666667
2020-11-12,(data deleted),(data deleted),(data deleted),269,0.0,2.9739776951672861,1.1152416356877324
2020-11-12,(data deleted),<Other>,(data deleted),6,0.0,0.0,0.0
2020-11-12,(direct),(direct),(none),872,0.0,3.89908256880734,1.1467889908256881
2020-11-12,(organic),<Other>,organic,96,0.0,2.083333333333333,0.0
2020-11-12,(organic),google,organic,1071,0.0,5.1353874883286643,1.0270774976657329
2020-11-12,(referral),<Other>,referral,349,0.0,4.8710601719197708,1.1461318051575931
2020-11-12,(referral),shop.googlemerchandisestore.com,referral,340,0.0,6.4705882352941186,4.7058823529411766
2020-11-12,<Other>,(data deleted),(data deleted),9,0.0,22.222222222222221,11.111111111111111
2020-11-12,<Other>,<Other>,<Other>,488,0.0,4.918032786885246,1.0245901639344261
2020-11-12,<Other>,google,cpc,131,0.0,4.5801526717557248,0.76335877862595414
2020-11-13,(data deleted),(data deleted),(data deleted),235,0.0,9.787234042553191,6.8085106382978724
2020-11-13,(data deleted),<Other>,(data deleted),6,0.0,0.0,0.0
2020-11-13,(data deleted),<Other>,<Other>,1,0.0,0.0,0.0
2020-11-13,(direct),(direct),(none),814,0.0,4.6683046683046676,1.71990171990172
2020-11-13,(organic),<Other>,organic,75,0.0,6.666666666666667,2.666666666666667
2020-11-13,(organic),google,organic,1003,0.0,5.5832502492522433,1.3958125623130608
2020-11-13,(referral),<Other>,referral,309,0.0,4.53074433656958,1.6181229773462782
2020-11-13,(referral),shop.googlemerchandisestore.com,referral,278,0.0,6.1151079136690649,2.5179856115107913
2020-11-13,<Other>,(data deleted),(data deleted),4,0.0,0.0,0.0
2020-11-13,<Other>,<Other>,<Other>,458,0.0,6.7685589519650664,2.4017467248908297
2020-11-13,<Other>,google,cpc,116,0.0,1.7241379310344827,0.0
2020-11-14,(data deleted),(data deleted),(data deleted),170,0.0,5.2941176470588234,2.9411764705882351
2020-11-14,(data deleted),<Other>,(data deleted),2,0.0,0.0,0.0
2020-11-14,(direct),(direct),(none),506,0.0,3.7549407114624502,0.98814229249011865
2020-11-14,(organic),<Other>,organic,55,0.0,1.8181818181818181,0.0
2020-11-14,(organic),google,organic,715,0.0,4.335664335664335,0.55944055944055948
2020-11-14,(referral),<Other>,referral,236,0.0,4.6610169491525424,1.6949152542372881
2020-11-14,(referral),shop.googlemerchandisestore.com,referral,201,0.0,6.467661691542288,2.4875621890547266
2020-11-14,<Other>,(data deleted),(data deleted),1,0.0,0.0,0.0
2020-11-14,<Other>,<Other>,<Other>,343,0.0,5.8309037900874632,1.749271137026239
2020-11-14,<Other>,google,cpc,105,0.0,2.8571428571428572,0.0
2020-11-15,(data deleted),(data deleted),(data deleted),119,0.0,5.88235294117647,2.5210084033613445
2020-11-15,(data deleted),<Other>,(data deleted),2,0.0,0.0,0.0
2020-11-15,(direct),(direct),(none),534,0.0,4.3071161048689142,0.74906367041198507
2020-11-15,(organic),<Other>,organic,54,0.0,3.7037037037037033,3.7037037037037033
2020-11-15,(organic),google,organic,660,0.0,6.5151515151515156,0.60606060606060608
2020-11-15,(referral),<Other>,referral,217,0.0,4.1474654377880187,1.3824884792626728
2020-11-15,(referral),shop.googlemerchandisestore.com,referral,174,0.0,5.1724137931034484,1.7241379310344827
2020-11-15,<Other>,(data deleted),(data deleted),2,0.0,0.0,0.0
2020-11-15,<Other>,<Other>,<Other>,338,0.0,4.4378698224852071,0.29585798816568049
2020-11-15,<Other>,google,cpc,90,0.0,1.1111111111111112,1.1111111111111112
2020-11-16,(data deleted),(data deleted),(data deleted),276,1.0869565217391304,3.9855072463768111,2.1739130434782608
2020-11-16,(data deleted),<Other>,(data deleted),6,0.0,0.0,0.0
2020-11-16,(direct),(direct),(none),784,1.1479591836734695,5.48469387755102,2.6785714285714284
2020-11-16,(organic),<Other>,organic,84,2.3809523809523809,3.5714285714285712,0.0
2020-11-16,(organic),google,organic,1041,0.96061479346781953,4.0345821325648412,1.9212295869356391
2020-11-16,(referral),<Other>,referral,318,0.94339622641509435,4.40251572327044,0.94339622641509435
2020-11-16,(referral),shop.googlemerchandisestore.com,referral,327,0.6116207951070336,6.1162079510703364,2.1406727828746175
2020-11-16,<Other>,(data deleted),(data deleted),5,0.0,0.0,0.0
2020-11-16,<Other>,<Other>,<Other>,516,0.96899224806201545,4.6511627906976747,1.7441860465116279
2020-11-16,<Other>,google,cpc,138,0.0,4.3478260869565215,2.1739130434782608
2020-11-17,(data deleted),(data deleted),(data deleted),341,6.4516129032258061,7.6246334310850443,4.69208211143695
2020-11-17,(data deleted),<Other>,(data deleted),4,25.0,25.0,25.0
2020-11-17,(direct),(direct),(none),907,5.4024255788313127,4.8511576626240354,2.2050716648291067
2020-11-17,(organic),<Other>,organic,106,10.377358490566039,5.6603773584905666,0.94339622641509435
2020-11-17,(organic),google,organic,1209,5.2936311000827132,4.2183622828784122,1.5715467328370554
2020-11-17,(referral),<Other>,referral,398,6.5326633165829149,5.2763819095477382,1.7587939698492463
2020-11-17,(referral),shop.googlemerchandisestore.com,referral,362,9.1160220994475143,7.4585635359116029,3.0386740331491713
2020-11-17,<Other>,(data deleted),(data deleted),6,0.0,0.0,0.0
2020-11-17,<Other>,<Other>,<Other>,537,6.8901303538175043,4.2830540037243949,1.86219739292365
2020-11-17,<Other>,google,cpc,141,3.5460992907801421,2.8368794326241136,0.0
2020-11-18,(data deleted),(data deleted),(data deleted),296,5.0675675675675675,5.4054054054054053,2.3648648648648649
2020-11-18,(data deleted),<Other>,(data deleted),6,0.0,0.0,0.0
2020-11-18,(direct),(direct),(none),969,5.4695562435500511,4.5407636738906092,1.6511867905056758
2020-11-18,(organic),<Other>,organic,110,4.5454545454545459,4.5454545454545459,0.90909090909090906
2020-11-18,(organic),google,organic,1274,4.4740973312401886,2.5902668759811616,0.78492935635792771
2020-11-18,(referral),<Other>,referral,407,6.1425061425061429,4.6683046683046676,0.98280098280098283
2020-11-18,(referral),shop.googlemerchandisestore.com,referral,350,4.8571428571428568,4.0,1.4285714285714286
2020-11-18,<Other>,(data deleted),(data deleted),6,0.0,0.0,0.0
2020-11-18,<Other>,<Other>,<Other>,520,5.1923076923076925,3.4615384615384617,0.76923076923076927
2020-11-18,<Other>,google,cpc,154,5.1948051948051948,5.8441558441558437,1.948051948051948
2020-11-19,(data deleted),(data deleted),(data deleted),308,0.64935064935064934,3.8961038961038961,1.6233766233766231
2020-11-19,(data deleted),<Other>,(data deleted),4,0.0,0.0,0.0
2020-11-19,(direct),(direct),(none),972,0.61728395061728392,2.9835390946502058,0.92592592592592582
2020-11-19,(organic),<Other>,organic,99,1.0101010101010102,2.0202020202020203,1.0101010101010102
2020-11-19,(organic),google,organic,1234,0.97244732576985426,2.8363047001620743,0.72933549432739064
2020-11-19,(referral),<Other>,referral,417,0.95923261390887282,3.3573141486810552,1.4388489208633095
2020-11-19,(referral),shop.googlemerchandisestore.com,referral,373,0.53619302949061665,3.4852546916890081,1.8766756032171581
2020-11-19,<Other>,(data deleted),(data deleted),8,12.5,12.5,0.0
2020-11-19,<Other>,<Other>,<Other>,558,1.9713261648745519,2.8673835125448028,1.0752688172043012
2020-11-19,<Other>,google,cpc,177,0.0,2.2598870056497176,0.56497175141242939
2020-11-20,(data deleted),(data deleted),(data deleted),303,0.0,6.2706270627062706,3.6303630363036308
2020-11-20,(data deleted),<Other>,(data deleted),4,0.0,25.0,0.0
2020-11-20,(direct),(direct),(none),970,0.10309278350515465,4.1237113402061851,1.4432989690721649
2020-11-20,(organic),<Other>,organic,124,0.0,0.80645161290322576,0.0
2020-11-20,(organic),google,organic,1244,0.080385852090032156,4.4212218649517689,1.527331189710611
2020-11-20,(referral),<Other>,referral,418,0.23923444976076555,3.3492822966507179,1.6746411483253589
2020-11-20,(referral),shop.googlemerchandisestore.com,referral,334,0.0,3.8922155688622757,1.7964071856287425
2020-11-20,<Other>,(data deleted),(data deleted),10,0.0,0.0,0.0
2020-11-20,<Other>,<Other>,<Other>,513,0.0,2.9239766081871341,0.77972709551656916
2020-11-20,<Other>,google,cpc,163,0.0,3.6809815950920246,1.8404907975460123
2020-11-21,(data deleted),(data deleted),(data deleted),217,0.0,2.3041474654377883,1.3824884792626728
2020-11-21,(data deleted),<Other>,(data deleted),5,0.0,0.0,0.0
2020-11-21,(direct),(direct),(none),720,0.0,3.3333333333333335,0.83333333333333337
2020-11-21,(organic),<Other>,organic,92,0.0,4.3478260869565215,0.0
2020-11-21,(organic),google,organic,985,0.0,3.9593908629441623,0.81218274111675126
2020-11-21,(referral),<Other>,referral,291,0.0,5.8419243986254292,2.7491408934707904
2020-11-21,(referral),shop.googlemerchandisestore.com,referral,242,0.0,3.3057851239669422,0.82644628099173556
2020-11-21,<Other>,(data deleted),(data deleted),2,0.0,0.0,0.0
2020-11-21,<Other>,<Other>,<Other>,452,0.0,4.20353982300885,0.88495575221238942
2020-11-21,<Other>,google,cpc,145,0.0,6.8965517241379306,2.7586206896551726
2020-11-22,(data deleted),(data deleted),(data deleted),159,0.0,5.6603773584905666,3.7735849056603774
2020-11-22,(data deleted),<Other>,(data deleted),3,0.0,33.333333333333329,0.0
2020-11-22,(direct),(direct),(none),626,0.0,3.9936102236421722,0.79872204472843444
2020-11-22,(organic),<Other>,organic,62,0.0,3.225806451612903,0.0
2020-11-22,(organic),google,organic,840,0.0,5.0,1.3095238095238095
2020-11-22,(referral),<Other>,referral,260,0.0,3.0769230769230771,0.38461538461538464
2020-11-22,(referral),shop.googlemerchandisestore.com,referral,226,0.0,3.9823008849557522,1.7699115044247788
2020-11-22,<Other>,(data deleted),(data deleted),1,0.0,0.0,0.0
2020-11-22,<Other>,<Other>,<Other>,367,0.0,2.7247956403269753,0.544959128065395
2020-11-22,<Other>,google,cpc,106,0.0,2.8301886792452833,0.0
2020-11-23,(data deleted),(data deleted),(data deleted),289,0.0,5.5363321799307963,3.1141868512110724
2020-11-23,(data deleted),<Other>,(data deleted),6,0.0,0.0,0.0
2020-11-23,(direct),(direct),(none),943,0.0,3.3934252386002126,1.2725344644750796
2020-11-23,(organic),<Other>,organic,96,0.0,2.083333333333333,0.0
2020-11-23,(organic),google,organic,1229,0.0,4.068348250610252,1.3832384052074858
2020-11-23,(referral),<Other>,referral,354,0.0,5.0847457627118651,1.4124293785310735
2020-11-23,(referral),shop.googlemerchandisestore.com,referral,311,0.0,6.430868167202572,2.8938906752411575
2020-11-23,<Other>,(data deleted),(data deleted),3,0.0,0.0,0.0
2020-11-23,<Other>,<Other>,<Other>,527,0.0,4.3643263757115749,1.3282732447817838
2020-11-23,<Other>,google,cpc,156,0.0,5.1282051282051277,1.9230769230769231
2020-11-24,(data deleted),(data deleted),(data deleted),271,0.0,7.7490774907749085,5.1660516605166054
2020-11-24,(data deleted),<Other>,(data deleted),5,0.0,0.0,0.0
2020-11-24,(direct),(direct),(none),941,0.0,5.419766206163656,2.763018065887354
2020-11-24,(organic),<Other>,organic,121,0.0,8.2644628099173563,4.1322314049586781
2020-11-24,(organic),google,organic,1319,0.0,3.9423805913570886,1.819560272934041
2020-11-24,(referral),<Other>,referral,421,0.0,5.225653206650831,2.1377672209026128
2020-11-24,(referral),shop.googlemerchandisestore.com,referral,382,0.0,4.18848167539267,2.0942408376963351
2020-11-24,<Other>,(data deleted),(data deleted),7,0.0,0.0,0.0
2020-11-24,<Other>,<Other>,<Other>,546,0.0,5.3113553113553111,1.6483516483516485
2020-11-24,<Other>,google,cpc,156,0.0,5.7692307692307692,1.2820512820512819
2020-11-25,(data deleted),(data deleted),(data deleted),298,4.6979865771812079,13.087248322147651,6.7114093959731544
2020-11-25,(data deleted),<Other>,(data deleted),5,0.0,0.0,0.0
2020-11-25,(direct),(direct),(none),974,1.3347022587268993,4.6201232032854209,1.5400410677618068
2020-11-25,(organic),<Other>,organic,105,0.95238095238095244,2.8571428571428572,0.0
2020-11-25,(organic),google,organic,1324,1.8882175226586102,4.6827794561933533,1.6616314199395772
2020-11-25,(referral),<Other>,referral,433,1.3856812933025404,4.6189376443418011,2.0785219399538106
2020-11-25,(referral),shop.googlemerchandisestore.com,referral,353,2.5495750708215295,6.5155807365439093,3.39943342776204
2020-11-25,<Other>,(data deleted),(data deleted),8,0.0,12.5,0.0
2020-11-25,<Other>,<Other>,<Other>,603,1.3266998341625207,4.4776119402985071,1.1608623548922055
2020-11-25,<Other>,google,cpc,189,1.0582010582010581,3.7037037037037033,0.52910052910052907
2020-11-26,(data deleted),(data deleted),(data deleted),274,9.1240875912408761,5.4744525547445262,1.4598540145985401
2020-11-26,(data deleted),<Other>,(data deleted),8,0.0,12.5,0.0
2020-11-26,(direct),(direct),(none),965,6.0103626943005182,4.2487046632124352,0.932642487046632
2020-11-26,(organic),<Other>,organic,104,5.7692307692307692,5.7692307692307692,2.8846153846153846
2020-11-26,(organic),google,organic,1262,7.1315372424722661,4.5958795562599049,1.6640253565768619
2020-11-26,(referral),<Other>,referral,372,5.64516129032258,5.64516129032258,1.6129032258064515
2020-11-26,(referral),shop.googlemerchandisestore.com,referral,312,8.0128205128205128,5.7692307692307692,0.96153846153846156
2020-11-26,<Other>,(data deleted),(data deleted),4,0.0,25.0,0.0
2020-11-26,<Other>,<Other>,<Other>,604,8.112582781456954,3.3112582781456954,1.1589403973509933
2020-11-26,<Other>,google,cpc,153,7.8431372549019605,5.88235294117647,1.3071895424836601
2020-11-27,(data deleted),(data deleted),(data deleted),221,10.407239819004525,9.0497737556561084,7.2398190045248878
2020-11-27,(data deleted),<Other>,(data deleted),7,14.285714285714285,14.285714285714285,14.285714285714285
2020-11-27,(direct),(direct),(none),910,6.813186813186813,4.6153846153846159,2.197802197802198
2020-11-27,(organic),<Other>,organic,129,9.30232558139535,3.10077519379845,0.0
2020-11-27,(organic),google,organic,1176,8.0782312925170068,3.9115646258503403,1.1904761904761905
2020-11-27,(referral),<Other>,referral,377,8.2228116710875341,4.774535809018567,2.1220159151193632
2020-11-27,(referral),shop.googlemerchandisestore.com,referral,313,10.862619808306709,7.6677316293929714,5.4313099041533546
2020-11-27,<Other>,(data deleted),(data deleted),8,25.0,37.5,25.0
2020-11-27,<Other>,<Other>,<Other>,600,8.0,4.3333333333333339,1.1666666666666667
2020-11-27,<Other>,google,cpc,187,11.229946524064172,5.88235294117647,2.6737967914438503
2020-11-28,(data deleted),(data deleted),(data deleted),166,12.048192771084338,8.4337349397590362,4.8192771084337354
2020-11-28,(data deleted),<Other>,(data deleted),4,0.0,0.0,0.0
2020-11-28,(direct),(direct),(none),813,7.8720787207872078,4.5510455104551051,1.968019680196802
2020-11-28,(organic),<Other>,organic,96,8.3333333333333321,4.1666666666666661,2.083333333333333
2020-11-28,(organic),google,organic,1042,8.2533589251439547,4.4145873320537428,1.9193857965451053
2020-11-28,(referral),<Other>,referral,348,8.6206896551724146,4.5977011494252871,2.2988505747126435
2020-11-28,(referral),shop.googlemerchandisestore.com,referral,240,7.9166666666666661,4.583333333333333,3.3333333333333335
2020-11-28,<Other>,(data deleted),(data deleted),2,0.0,0.0,0.0
2020-11-28,<Other>,<Other>,<Other>,503,8.9463220675944335,4.9701789264413518,2.1868787276341948
2020-11-28,<Other>,google,cpc,131,9.16030534351145,5.343511450381679,1.5267175572519083
2020-11-29,(data deleted),(data deleted),(data deleted),194,10.824742268041238,6.7010309278350517,4.6391752577319592
2020-11-29,(data deleted),<Other>,(data deleted),4,0.0,25.0,25.0
2020-11-29,(direct),(direct),(none),747,8.8353413654618471,3.4805890227576977,0.93708165997322623
2020-11-29,(organic),<Other>,organic,97,3.0927835051546393,3.0927835051546393,2.0618556701030926
2020-11-29,(organic),google,organic,985,8.1218274111675122,4.0609137055837561,1.5228426395939088
2020-11-29,(referral),<Other>,referral,299,7.6923076923076925,3.6789297658862878,1.3377926421404682
2020-11-29,(referral),shop.googlemerchandisestore.com,referral,255,9.4117647058823533,3.1372549019607843,1.9607843137254901
2020-11-29,<Other>,(data deleted),(data deleted),4,25.0,0.0,0.0
2020-11-29,<Other>,<Other>,<Other>,491,7.9429735234215881,4.2769857433808554,1.0183299389002036
2020-11-29,<Other>,google,cpc,130,5.384615384615385,1.5384615384615385,0.76923076923076927
2020-11-30,(data deleted),(data deleted),(data deleted),321,13.084112149532709,5.9190031152647977,4.0498442367601246
2020-11-30,(data deleted),<Other>,(data deleted),4,25.0,25.0,25.0
2020-11-30,(direct),(direct),(none),977,9.5189355168884333,5.7318321392016376,2.456499488229273
2020-11-30,(organic),<Other>,organic,133,9.7744360902255636,3.007518796992481,1.5037593984962405
2020-11-30,(organic),google,organic,1410,8.085106382978724,4.8226950354609928,2.4822695035460995
2020-11-30,(referral),<Other>,referral,455,12.087912087912088,6.1538461538461542,3.296703296703297
2020-11-30,(referral),shop.googlemerchandisestore.com,referral,355,10.985915492957748,7.887323943661972,4.788732394366197
2020-11-30,<Other>,(data deleted),(data deleted),2,0.0,0.0,0.0
2020-11-30,<Other>,<Other>,<Other>,632,8.0696202531645564,4.7468354430379751,2.0569620253164556
2020-11-30,<Other>,google,cpc,225,10.222222222222223,4.0,3.1111111111111112
2020-12-01,(data deleted),(data deleted),(data deleted),318,11.635220125786164,6.2893081761006293,4.40251572327044
2020-12-01,(data deleted),<Other>,(data deleted),5,20.0,0.0,0.0
2020-12-01,(direct),(direct),(none),1113,9.5238095238095237,5.0314465408805038,2.0664869721473496
2020-12-01,(organic),<Other>,organic,124,8.870967741935484,2.4193548387096775,0.0
2020-12-01,(organic),google,organic,1533,9.1324200913242,4.0443574690150026,1.36986301369863
2020-12-01,(referral),<Other>,referral,484,9.7107438016528924,5.3719008264462813,2.6859504132231407
2020-12-01,(referral),shop.googlemerchandisestore.com,referral,439,7.9726651480637818,4.3280182232346238,2.0501138952164011
2020-12-01,<Other>,(data deleted),(data deleted),10,0.0,0.0,0.0
2020-12-01,<Other>,<Other>,<Other>,684,9.35672514619883,4.9707602339181287,2.4853801169590644
2020-12-01,<Other>,google,cpc,202,9.4059405940594054,4.455445544554455,1.4851485148514851
2020-12-02,(data deleted),(data deleted),(data deleted),321,9.0342679127725845,5.6074766355140184,2.8037383177570092
2020-12-02,(data deleted),<Other>,(data deleted),10,10.0,10.0,0.0
2020-12-02,(direct),(direct),(none),1077,8.2636954503249775,4.0854224698235839,1.2070566388115136
2020-12-02,(organic),<Other>,organic,141,2.8368794326241136,1.4184397163120568,0.70921985815602839
2020-12-02,(organic),google,organic,1491,8.3165660630449363,4.4265593561368206,1.4084507042253522
2020-12-02,(referral),<Other>,referral,427,6.7915690866510543,3.7470725995316161,1.405152224824356
2020-12-02,(referral),shop.googlemerchandisestore.com,referral,428,8.8785046728971952,5.14018691588785,2.1028037383177569
2020-12-02,<Other>,(data deleted),(data deleted),7,14.285714285714285,14.285714285714285,14.285714285714285
2020-12-02,<Other>,<Other>,<Other>,644,9.316770186335404,5.1242236024844718,1.5527950310559007
2020-12-02,<Other>,google,cpc,213,8.92018779342723,4.225352112676056,2.3474178403755865
2020-12-03,(data deleted),(data deleted),(data deleted),329,8.51063829787234,4.25531914893617,2.43161094224924
2020-12-03,(data deleted),<Other>,(data deleted),3,0.0,0.0,0.0
2020-12-03,(direct),(direct),(none),1161,8.1826012058570186,4.3927648578811365,1.7226528854435832
2020-12-03,(organic),<Other>,organic,150,8.6666666666666679,6.0,2.666666666666667
2020-12-03,(organic),google,organic,1641,7.556368068251067,4.3266301035953685,1.3406459475929311
2020-12-03,(referral),<Other>,referral,486,7.20164609053498,3.7037037037037033,1.6460905349794239
2020-12-03,(referral),shop.googlemerchandisestore.com,referral,443,8.1264108352144468,5.4176072234762982,2.4830699774266365
2020-12-03,<Other>,(data deleted),(data deleted),3,33.333333333333329,0.0,0.0
2020-12-03,<Other>,<Other>,<Other>,697,8.0344332855093246,4.3041606886657107,1.7216642754662841
2020-12-03,<Other>,google,cpc,227,6.1674008810572687,3.9647577092511015,0.44052863436123352
2020-12-04,(data deleted),(data deleted),(data deleted),325,12.0,4.3076923076923075,2.4615384615384617
2020-12-04,(data deleted),<Other>,(data deleted),5,20.0,0.0,0.0
2020-12-04,(direct),(direct),(none),1096,6.2956204379562051,3.64963503649635,1.1861313868613137
2020-12-04,(organic),<Other>,organic,129,6.2015503875969,3.10077519379845,0.77519379844961245
2020-12-04,(organic),google,organic,1486,7.8734858681022883,4.5087483176312251,2.2880215343203227
2020-12-04,(referral),<Other>,referral,430,9.0697674418604652,3.9534883720930232,1.8604651162790697
2020-12-04,(referral),shop.googlemerchandisestore.com,referral,393,10.432569974554708,6.3613231552162848,3.3078880407124678
2020-12-04,<Other>,(data deleted),(data deleted),5,0.0,0.0,0.0
2020-12-04,<Other>,<Other>,<Other>,602,8.471760797342192,3.6544850498338874,0.99667774086378735
2020-12-04,<Other>,google,cpc,204,8.8235294117647065,3.9215686274509802,1.4705882352941175
2020-12-05,(data deleted),(data deleted),(data deleted),177,13.559322033898304,9.03954802259887,6.2146892655367232
2020-12-05,(data deleted),<Other>,(data deleted),6,0.0,0.0,0.0
2020-12-05,(direct),(direct),(none),838,8.2338902147971371,5.13126491646778,2.1479713603818613
2020-12-05,(organic),<Other>,organic,86,1.1627906976744187,0.0,0.0
2020-12-05,(organic),google,organic,1078,7.8849721706864564,4.4526901669758807,2.1335807050092765
2020-12-05,(referral),<Other>,referral,296,9.7972972972972965,5.4054054054054053,2.3648648648648649
2020-12-05,(referral),shop.googlemerchandisestore.com,referral,280,11.428571428571429,6.4285714285714279,3.5714285714285712
2020-12-05,<Other>,(data deleted),(data deleted),5,0.0,0.0,0.0
2020-12-05,<Other>,<Other>,<Other>,520,8.4615384615384617,5.5769230769230775,1.3461538461538463
2020-12-05,<Other>,google,cpc,176,7.3863636363636367,2.8409090909090908,0.56818181818181823
2020-12-06,(data deleted),(data deleted),(data deleted),201,10.945273631840797,5.9701492537313428,3.4825870646766171
2020-12-06,(data deleted),<Other>,(data deleted),1,0.0,0.0,0.0
2020-12-06,(direct),(direct),(none),754,7.1618037135278518,4.111405835543767,1.0610079575596816
2020-12-06,(organic),<Other>,organic,94,13.829787234042554,7.4468085106382977,1.0638297872340425
2020-12-06,(organic),google,organic,1005,7.4626865671641784,3.7810945273631837,0.99502487562189057
2020-12-06,(referral),<Other>,referral,333,7.8078078078078077,5.1051051051051051,1.5015015015015014
2020-12-06,(referral),shop.googlemerchandisestore.com,referral,262,9.9236641221374047,6.1068702290076331,1.9083969465648856
2020-12-06,<Other>,(data deleted),(data deleted),5,0.0,0.0,0.0
2020-12-06,<Other>,<Other>,<Other>,496,6.854838709677419,3.225806451612903,0.80645161290322576
2020-12-06,<Other>,google,cpc,151,5.298013245033113,0.66225165562913912,0.0
2020-12-07,(data deleted),(data deleted),(data deleted),372,8.870967741935484,7.5268817204301079,4.032258064516129
2020-12-07,(data deleted),<Other>,(data deleted),12,8.3333333333333321,16.666666666666664,8.3333333333333321
2020-12-07,(direct),(direct),(none),1264,8.3069620253164551,4.1930379746835449,1.4240506329113924
2020-12-07,(organic),<Other>,organic,162,5.5555555555555554,1.2345679012345678,1.2345679012345678
2020-12-07,(organic),google,organic,1635,6.2996941896024463,2.9969418960244649,1.1009174311926606
2020-12-07,(referral),<Other>,referral,522,5.7471264367816088,3.0651340996168579,2.10727969348659
2020-12-07,(referral),shop.googlemerchandisestore.com,referral,442,7.0135746606334841,4.0723981900452486,2.7149321266968327
2020-12-07,<Other>,(data deleted),(data deleted),12,0.0,0.0,0.0
2020-12-07,<Other>,<Other>,<Other>,750,6.1333333333333329,3.4666666666666663,1.2
2020-12-07,<Other>,google,cpc,238,6.3025210084033612,3.7815126050420167,2.1008403361344539
2020-12-08,(data deleted),(data deleted),(data deleted),439,10.478359908883828,6.3781321184510258,2.9612756264236904
2020-12-08,(data deleted),<Other>,(data deleted),9,11.111111111111111,0.0,0.0
2020-12-08,(direct),(direct),(none),1741,7.2372199885123489,4.3653072946582423,1.665709362435382
2020-12-08,(organic),<Other>,organic,179,4.4692737430167595,3.35195530726257,1.1173184357541899
2020-12-08,(organic),google,organic,2366,5.3254437869822491,2.6204564666103125,0.84530853761623
2020-12-08,(referral),<Other>,referral,745,5.5033557046979871,3.6241610738255035,1.74496644295302
2020-12-08,(referral),shop.googlemerchandisestore.com,referral,585,8.2051282051282044,4.9572649572649574,2.5641025641025639
2020-12-08,<Other>,(data deleted),(data deleted),6,16.666666666666664,16.666666666666664,0.0
2020-12-08,<Other>,<Other>,<Other>,1120,4.9107142857142856,2.8571428571428572,1.1607142857142858
2020-12-08,<Other>,google,cpc,332,5.72289156626506,3.0120481927710845,1.8072289156626504
2020-12-09,(data deleted),(data deleted),(data deleted),371,10.512129380053908,6.46900269541779,3.5040431266846364
2020-12-09,(data deleted),<Other>,(data deleted),6,0.0,0.0,0.0
2020-12-09,(direct),(direct),(none),1404,7.2649572649572658,3.8461538461538463,2.0655270655270654
2020-12-09,(organic),<Other>,organic,189,8.9947089947089935,5.2910052910052912,3.1746031746031744
2020-12-09,(organic),google,organic,1949,6.4648537711647,4.0533606977937406,2.0010261672652643
2020-12-09,(referral),<Other>,referral,576,6.9444444444444446,4.6875,1.9097222222222223
2020-12-09,(referral),shop.googlemerchandisestore.com,referral,548,8.2116788321167888,5.8394160583941606,3.1021897810218979
2020-12-09,<Other>,(data deleted),(data deleted),10,0.0,0.0,0.0
2020-12-09,<Other>,<Other>,<Other>,908,4.8458149779735686,2.9735682819383258,1.5418502202643172
2020-12-09,<Other>,google,cpc,246,4.0650406504065035,2.0325203252032518,0.81300813008130091
2020-12-10,(data deleted),(data deleted),(data deleted),368,14.130434782608695,9.2391304347826075,7.0652173913043477
2020-12-10,(data deleted),<Other>,(data deleted),8,0.0,0.0,0.0
2020-12-10,(direct),(direct),(none),1335,7.1910112359550569,4.4194756554307117,2.0224719101123596
2020-12-10,(organic),<Other>,organic,159,5.0314465408805038,2.5157232704402519,1.257861635220126
2020-12-10,(organic),google,organic,1716,7.8671328671328675,4.5454545454545459,1.9813519813519813
2020-12-10,(referral),(data deleted),referral,1,0.0,0.0,0.0
2020-12-10,(referral),<Other>,referral,595,8.235294117647058,5.3781512605042021,2.3529411764705883
2020-12-10,(referral),shop.googlemerchandisestore.com,referral,460,10.434782608695652,5.6521739130434785,3.2608695652173911
2020-12-10,<Other>,(data deleted),(data deleted),11,9.0909090909090917,0.0,0.0
2020-12-10,<Other>,<Other>,<Other>,839,6.4362336114421934,3.3373063170441,1.0727056019070322
2020-12-10,<Other>,google,cpc,266,4.8872180451127818,2.6315789473684208,0.75187969924812026
2020-12-11,(data deleted),(data deleted),(data deleted),353,12.181303116147308,8.21529745042493,5.0991501416430589
2020-12-11,(data deleted),<Other>,(data deleted),1,0.0,0.0,0.0
2020-12-11,(direct),(direct),(none),1213,9.5630667765869752,5.1112943116240723,2.720527617477329
2020-12-11,(organic),<Other>,organic,141,8.51063829787234,4.25531914893617,4.25531914893617
2020-12-11,(organic),google,organic,1692,6.3238770685579189,4.1962174940898347,2.3049645390070919
2020-12-11,(referral),<Other>,referral,551,6.7150635208711433,4.71869328493648,2.5408348457350272
2020-12-11,(referral),shop.googlemerchandisestore.com,referral,437,9.3821510297482842,6.8649885583524028,4.3478260869565215
2020-12-11,<Other>,(data deleted),(data deleted),6,33.333333333333329,0.0,0.0
2020-12-11,<Other>,<Other>,<Other>,826,7.021791767554479,3.2687651331719128,1.4527845036319613
2020-12-11,<Other>,google,cpc,256,6.25,4.296875,2.734375
2020-12-12,(data deleted),(data deleted),(data deleted),193,10.880829015544041,10.362694300518134,8.2901554404145088
2020-12-12,(data deleted),<Other>,(data deleted),3,33.333333333333329,33.333333333333329,33.333333333333329
2020-12-12,(direct),(direct),(none),919,9.9020674646354738,5.7671381936887922,2.8291621327529923
2020-12-12,(organic),<Other>,organic,123,7.3170731707317067,4.0650406504065035,2.4390243902439024
2020-12-12,(organic),google,organic,1267,7.02446724546172,4.0252565114443568,1.9731649565903711
2020-12-12,(referral),<Other>,referral,415,6.5060240963855414,4.3373493975903612,1.6867469879518073
2020-12-12,(referral),shop.googlemerchandisestore.com,referral,314,7.6433121019108281,4.45859872611465,2.547770700636943
2020-12-12,<Other>,(data deleted),(data deleted),6,33.333333333333329,16.666666666666664,16.666666666666664
2020-12-12,<Other>,<Other>,<Other>,652,5.0613496932515334,3.3742331288343559,1.5337423312883436
2020-12-12,<Other>,google,cpc,195,8.7179487179487172,3.5897435897435894,1.0256410256410255
2020-12-13,(data deleted),(data deleted),(data deleted),163,10.429447852760736,5.5214723926380369,4.9079754601226995
2020-12-13,(data deleted),<Other>,(data deleted),1,0.0,0.0,0.0
2020-12-13,(direct),(direct),(none),864,6.5972222222222223,2.6620370370370372,1.2731481481481481
2020-12-13,(organic),<Other>,organic,119,7.5630252100840334,2.5210084033613445,0.84033613445378152
2020-12-13,(organic),google,organic,1231,6.742485783915515,3.5743298131600327,1.5434606011372869
2020-12-13,(referral),<Other>,referral,337,7.1216617210682491,4.154302670623145,1.4836795252225521
2020-12-13,(referral),shop.googlemerchandisestore.com,referral,236,7.2033898305084749,3.8135593220338984,2.5423728813559325
2020-12-13,<Other>,(data deleted),(data deleted),3,33.333333333333329,0.0,0.0
2020-12-13,<Other>,<Other>,<Other>,548,6.5693430656934311,4.9270072992700733,2.18978102189781
2020-12-13,<Other>,google,cpc,164,7.3170731707317067,3.6585365853658534,0.6097560975609756
2020-12-14,(data deleted),(data deleted),(data deleted),274,12.408759124087592,5.4744525547445262,4.0145985401459852
2020-12-14,(data deleted),<Other>,(data deleted),4,0.0,0.0,0.0
2020-12-14,(direct),(direct),(none),1195,6.8619246861924683,3.7656903765690379,1.2552301255230125
2020-12-14,(organic),<Other>,organic,139,4.3165467625899279,0.0,0.0
2020-12-14,(organic),google,organic,1626,7.0725707257072568,3.0750307503075032,1.4145141451414514
2020-12-14,(referral),<Other>,referral,478,6.2761506276150625,4.3933054393305433,1.6736401673640167
2020-12-14,(referral),shop.googlemerchandisestore.com,referral,416,10.096153846153847,5.0480769230769234,3.125
2020-12-14,<Other>,(data deleted),(data deleted),6,50.0,50.0,33.333333333333329
2020-12-14,<Other>,<Other>,<Other>,696,6.7528735632183912,3.0172413793103448,1.7241379310344827
2020-12-14,<Other>,google,cpc,214,8.8785046728971952,4.2056074766355138,0.93457943925233633
2020-12-15,(data deleted),(data deleted),(data deleted),360,10.0,5.2777777777777777,3.6111111111111107
2020-12-15,(data deleted),<Other>,(data deleted),10,10.0,0.0,0.0
2020-12-15,(direct),(direct),(none),1299,7.0823710546574281,3.3872209391839871,2.0785219399538106
2020-12-15,(organic),<Other>,organic,157,7.6433121019108281,2.547770700636943,1.2738853503184715
2020-12-15,(organic),google,organic,1737,6.7933218192285549,3.684513529073115,2.0149683362118593
2020-12-15,(referral),<Other>,referral,550,7.8181818181818183,2.7272727272727271,1.4545454545454546
2020-12-15,(referral),shop.googlemerchandisestore.com,referral,491,8.146639511201629,4.2769857433808554,3.6659877800407332
2020-12-15,<Other>,(data deleted),(data deleted),7,57.142857142857139,14.285714285714285,14.285714285714285
2020-12-15,<Other>,<Other>,<Other>,811,6.2885326757090008,2.5893958076448826,1.3563501849568433
2020-12-15,<Other>,google,cpc,256,4.296875,2.34375,1.5625
2020-12-16,(data deleted),(data deleted),(data deleted),347,12.103746397694524,8.93371757925072,6.3400576368876083
2020-12-16,(data deleted),<Other>,(data deleted),5,0.0,0.0,0.0
2020-12-16,(direct),(direct),(none),1264,6.962025316455696,3.5601265822784813,2.6107594936708862
2020-12-16,(organic),<Other>,organic,151,3.3112582781456954,1.3245033112582782,1.3245033112582782
2020-12-16,(organic),google,organic,1706,4.8065650644783116,2.6963657678780772,1.4654161781946073
2020-12-16,(referral),<Other>,referral,527,5.6925996204933584,3.0360531309297913,1.7077798861480076
2020-12-16,(referral),shop.googlemerchandisestore.com,referral,474,9.70464135021097,5.485232067510549,3.3755274261603372
2020-12-16,<Other>,(data deleted),(data deleted),7,14.285714285714285,14.285714285714285,14.285714285714285
2020-12-16,<Other>,<Other>,<Other>,762,4.0682414698162725,1.5748031496062991,0.78740157480314954
2020-12-16,<Other>,<Other>,cpc,1,100.0,0.0,0.0
2020-12-16,<Other>,google,cpc,241,4.1493775933609953,2.0746887966804977,1.2448132780082988
2020-12-17,(data deleted),(data deleted),(data deleted),316,11.708860759493671,6.0126582278481013,4.4303797468354427
2020-12-17,(data deleted),<Other>,(data deleted),9,11.111111111111111,11.111111111111111,0.0
2020-12-17,(direct),(direct),(none),1234,6.3209076175040515,2.674230145867099,1.6207455429497568
2020-12-17,(organic),<Other>,organic,132,8.3333333333333321,4.5454545454545459,2.2727272727272729
2020-12-17,(organic),google,organic,1647,6.49666059502125,2.73224043715847,1.5786278081360048
2020-12-17,(referral),<Other>,referral,523,5.353728489483748,2.1032504780114722,1.5296367112810707
2020-12-17,(referral),shop.googlemerchandisestore.com,referral,393,8.3969465648854964,4.0712468193384224,2.7989821882951653
2020-12-17,<Other>,(data deleted),(data deleted),8,25.0,25.0,12.5
2020-12-17,<Other>,<Other>,<Other>,768,4.296875,2.083333333333333,0.52083333333333326
2020-12-17,<Other>,google,cpc,252,5.5555555555555554,2.7777777777777777,1.5873015873015872
2020-12-18,(data deleted),(data deleted),(data deleted),230,16.086956521739129,9.5652173913043477,5.6521739130434785
2020-12-18,(data deleted),<Other>,(data deleted),4,25.0,0.0,0.0
2020-12-18,(direct),(direct),(none),1149,6.5274151436031342,2.8720626631853787,1.8276762402088773
2020-12-18,(organic),<Other>,organic,130,4.6153846153846159,0.76923076923076927,0.76923076923076927
2020-12-18,(organic),google,organic,1527,5.50098231827112,3.1434184675834969,1.37524557956778
2020-12-18,(referral),<Other>,referral,449,7.7951002227171493,2.4498886414253898,0.66815144766146994
2020-12-18,(referral),shop.googlemerchandisestore.com,referral,380,9.2105263157894726,3.6842105263157889,2.1052631578947367
2020-12-18,<Other>,(data deleted),(data deleted),9,0.0,0.0,0.0
2020-12-18,<Other>,<Other>,<Other>,719,6.2586926286509037,2.9207232267037551,1.2517385257301807
2020-12-18,<Other>,google,cpc,185,2.1621621621621623,2.1621621621621623,1.6216216216216217
2020-12-19,(data deleted),(data deleted),(data deleted),171,11.111111111111111,5.8479532163742682,4.0935672514619883
2020-12-19,(data deleted),<Other>,(data deleted),2,50.0,50.0,0.0
2020-12-19,(direct),(direct),(none),886,5.3047404063205423,2.9345372460496613,1.3544018058690745
2020-12-19,(organic),<Other>,organic,93,1.0752688172043012,1.0752688172043012,0.0
2020-12-19,(organic),google,organic,1094,5.3016453382084094,2.376599634369287,1.0968921389396709
2020-12-19,(referral),<Other>,referral,349,3.7249283667621778,1.7191977077363898,0.8595988538681949
2020-12-19,(referral),shop.googlemerchandisestore.com,referral,250,3.2,2.8000000000000003,0.8
2020-12-19,<Other>,(data deleted),(data deleted),2,0.0,0.0,0.0
2020-12-19,<Other>,<Other>,<Other>,534,4.868913857677903,1.6853932584269662,0.37453183520599254
2020-12-19,<Other>,google,cpc,177,6.2146892655367232,2.8248587570621471,1.1299435028248588
2020-12-20,(data deleted),(data deleted),(data deleted),156,5.1282051282051277,3.8461538461538463,1.2820512820512819
2020-12-20,(data deleted),<Other>,(data deleted),3,0.0,0.0,0.0
2020-12-20,(direct),(direct),(none),756,3.5714285714285712,1.0582010582010581,0.26455026455026454
2020-12-20,(organic),<Other>,organic,93,1.0752688172043012,0.0,0.0
2020-12-20,(organic),google,organic,1060,4.1509433962264151,1.6981132075471699,0.84905660377358494
2020-12-20,(referral),<Other>,referral,293,2.7303754266211606,2.04778156996587,1.0238907849829351
2020-12-20,(referral),shop.googlemerchandisestore.com,referral,239,7.5313807531380759,2.510460251046025,0.83682008368200833
2020-12-20,<Other>,(data deleted),(data deleted),4,25.0,0.0,0.0
2020-12-20,<Other>,<Other>,<Other>,503,3.3797216699801194,1.3916500994035785,0.19880715705765406
2020-12-20,<Other>,google,cpc,140,1.4285714285714286,0.0,0.0
2020-12-21,(data deleted),(data deleted),(data deleted),229,10.480349344978166,3.9301310043668125,1.3100436681222707
2020-12-21,(data deleted),<Other>,(data deleted),5,0.0,0.0,0.0
2020-12-21,(direct),(direct),(none),899,5.5617352614015569,3.225806451612903,2.0022246941045605
2020-12-21,(organic),<Other>,organic,102,9.8039215686274517,3.9215686274509802,3.9215686274509802
2020-12-21,(organic),google,organic,1242,4.5893719806763285,1.8518518518518516,0.88566827697262474
2020-12-21,(referral),<Other>,referral,409,5.3789731051344738,2.6894865525672369,1.4669926650366749
2020-12-21,(referral),shop.googlemerchandisestore.com,referral,312,6.7307692307692308,1.9230769230769231,0.32051282051282048
2020-12-21,<Other>,(data deleted),(data deleted),4,0.0,0.0,0.0
2020-12-21,<Other>,<Other>,<Other>,588,2.8911564625850339,1.1904761904761905,0.68027210884353739
2020-12-21,<Other>,google,cpc,160,1.25,0.625,0.625
2020-12-22,(data deleted),(data deleted),(data deleted),235,9.3617021276595747,4.25531914893617,3.4042553191489362
2020-12-22,(data deleted),<Other>,(data deleted),9,11.111111111111111,0.0,0.0
2020-12-22,(direct),(direct),(none),838,5.7279236276849641,2.8639618138424821,1.5513126491646778
2020-12-22,(organic),<Other>,organic,117,5.1282051282051277,1.7094017094017095,0.0
2020-12-22,(organic),google,organic,1197,4.8454469507101088,2.0885547201336676,0.91896407685881365
2020-12-22,(referral),<Other>,referral,353,7.0821529745042495,2.5495750708215295,1.69971671388102
2020-12-22,(referral),shop.googlemerchandisestore.com,referral,312,4.4871794871794872,3.2051282051282048,2.8846153846153846
2020-12-22,<Other>,(data deleted),(data deleted),3,0.0,0.0,0.0
2020-12-22,<Other>,<Other>,<Other>,570,7.0175438596491224,2.4561403508771931,1.5789473684210527
2020-12-22,<Other>,google,cpc,157,4.45859872611465,1.910828025477707,0.63694267515923575
2020-12-23,(data deleted),(data deleted),(data deleted),186,16.666666666666664,8.064516129032258,4.838709677419355
2020-12-23,(data deleted),<Other>,(data deleted),2,50.0,50.0,50.0
2020-12-23,(direct),(direct),(none),777,6.1776061776061777,2.574002574002574,1.287001287001287
2020-12-23,(organic),<Other>,organic,104,3.8461538461538463,3.8461538461538463,0.96153846153846156
2020-12-23,(organic),google,organic,1074,5.3072625698324023,2.3277467411545625,1.48975791433892
2020-12-23,(referral),<Other>,referral,327,4.8929663608562688,1.5290519877675841,0.91743119266055051
2020-12-23,(referral),shop.googlemerchandisestore.com,referral,258,7.3643410852713185,3.10077519379845,2.3255813953488373
2020-12-23,<Other>,(data deleted),(data deleted),6,16.666666666666664,16.666666666666664,16.666666666666664
2020-12-23,<Other>,<Other>,<Other>,528,4.9242424242424239,1.893939393939394,0.946969696969697
2020-12-23,<Other>,google,cpc,144,4.8611111111111116,2.7777777777777777,0.69444444444444442
2020-12-24,(data deleted),(data deleted),(data deleted),116,9.4827586206896548,7.7586206896551726,6.0344827586206895
2020-12-24,(data deleted),<Other>,(data deleted),1,0.0,0.0,0.0
2020-12-24,(direct),(direct),(none),626,3.3546325878594248,1.2779552715654952,0.47923322683706071
2020-12-24,(organic),<Other>,organic,89,4.49438202247191,1.1235955056179776,0.0
2020-12-24,(organic),google,organic,877,2.8506271379703536,0.798175598631699,0.34207525655644244
2020-12-24,(referral),<Other>,referral,260,5.0,1.153846153846154,0.38461538461538464
2020-12-24,(referral),shop.googlemerchandisestore.com,referral,201,4.9751243781094532,1.9900497512437811,0.99502487562189057
2020-12-24,<Other>,(data deleted),(data deleted),2,0.0,0.0,0.0
2020-12-24,<Other>,<Other>,<Other>,456,1.7543859649122806,1.0964912280701753,0.8771929824561403
2020-12-24,<Other>,google,cpc,145,6.8965517241379306,1.3793103448275863,1.3793103448275863
2020-12-25,(data deleted),(data deleted),(data deleted),93,16.129032258064516,8.60215053763441,3.225806451612903
2020-12-25,(data deleted),<Other>,(data deleted),1,0.0,0.0,0.0
2020-12-25,(direct),(direct),(none),590,2.0338983050847457,1.1864406779661016,0.67796610169491522
2020-12-25,(organic),<Other>,organic,69,2.8985507246376812,1.4492753623188406,1.4492753623188406
2020-12-25,(organic),google,organic,867,1.8454440599769319,0.922722029988466,0.461361014994233
2020-12-25,(referral),<Other>,referral,264,5.6818181818181817,1.5151515151515151,0.75757575757575757
2020-12-25,(referral),shop.googlemerchandisestore.com,referral,186,3.225806451612903,1.6129032258064515,1.0752688172043012
2020-12-25,<Other>,(data deleted),(data deleted),1,100.0,0.0,0.0
2020-12-25,<Other>,<Other>,<Other>,408,2.9411764705882351,0.98039215686274506,0.0
2020-12-25,<Other>,google,cpc,144,1.3888888888888888,0.69444444444444442,0.69444444444444442
2020-12-26,(data deleted),(data deleted),(data deleted),94,5.3191489361702127,3.1914893617021276,2.1276595744680851
2020-12-26,(data deleted),<Other>,(data deleted),2,0.0,0.0,0.0
2020-12-26,(direct),(direct),(none),646,2.7863777089783279,0.61919504643962853,0.46439628482972134
2020-12-26,(organic),<Other>,organic,75,1.3333333333333335,1.3333333333333335,1.3333333333333335
2020-12-26,(organic),google,organic,881,2.6106696935300793,1.0215664018161181,0.681044267877412
2020-12-26,(referral),<Other>,referral,233,2.5751072961373391,0.85836909871244638,0.42918454935622319
2020-12-26,(referral),shop.googlemerchandisestore.com,referral,167,3.5928143712574849,2.3952095808383236,1.1976047904191618
2020-12-26,<Other>,(data deleted),(data deleted),2,0.0,0.0,0.0
2020-12-26,<Other>,<Other>,<Other>,425,3.0588235294117649,0.47058823529411759,0.23529411764705879
2020-12-26,<Other>,google,cpc,126,2.3809523809523809,0.0,0.0
2020-12-27,(data deleted),(data deleted),(data deleted),105,14.285714285714285,7.6190476190476195,3.8095238095238098
2020-12-27,(data deleted),<Other>,(data deleted),2,50.0,0.0,0.0
2020-12-27,(direct),(direct),(none),607,3.9538714991762767,1.4827018121911038,0.65897858319604619
2020-12-27,(organic),<Other>,organic,66,6.0606060606060606,0.0,0.0
2020-12-27,(organic),google,organic,902,3.1042128603104215,1.1086474501108647,0.55432372505543237
2020-12-27,(referral),<Other>,referral,256,4.6875,2.34375,1.171875
2020-12-27,(referral),shop.googlemerchandisestore.com,referral,177,2.8248587570621471,2.2598870056497176,1.6949152542372881
2020-12-27,<Other>,(data deleted),(data deleted),3,0.0,0.0,0.0
2020-12-27,<Other>,<Other>,<Other>,404,2.2277227722772275,0.49504950495049505,0.24752475247524752
2020-12-27,<Other>,google,cpc,124,0.80645161290322576,0.0,0.0
2020-12-28,(data deleted),(data deleted),(data deleted),158,8.2278481012658222,3.79746835443038,3.79746835443038
2020-12-28,(data deleted),<Other>,(data deleted),3,33.333333333333329,0.0,0.0
2020-12-28,(direct),(direct),(none),782,4.4757033248081841,2.1739130434782608,1.1508951406649617
2020-12-28,(organic),<Other>,organic,120,1.6666666666666667,1.6666666666666667,0.83333333333333337
2020-12-28,(organic),google,organic,1055,3.9810426540284363,1.5165876777251186,1.0426540284360191
2020-12-28,(referral),<Other>,referral,322,3.1055900621118013,0.0,0.0
2020-12-28,(referral),shop.googlemerchandisestore.com,referral,244,3.278688524590164,0.819672131147541,0.819672131147541
2020-12-28,<Other>,(data deleted),(data deleted),2,0.0,0.0,0.0
2020-12-28,<Other>,<Other>,<Other>,493,2.2312373225152129,0.40567951318458417,0.40567951318458417
2020-12-28,<Other>,google,cpc,150,5.3333333333333339,1.3333333333333335,0.66666666666666674
2020-12-29,(data deleted),(data deleted),(data deleted),166,6.6265060240963862,3.0120481927710845,1.2048192771084338
2020-12-29,(data deleted),<Other>,(data deleted),2,0.0,0.0,0.0
2020-12-29,(direct),(direct),(none),818,3.5452322738386304,1.4669926650366749,0.73349633251833746
2020-12-29,(organic),<Other>,organic,106,4.716981132075472,0.0,0.0
2020-12-29,(organic),google,organic,1094,2.7422303473491771,0.82266910420475314,0.45703839122486289
2020-12-29,(referral),<Other>,referral,307,4.234527687296417,0.97719869706840379,0.32573289902280134
2020-12-29,(referral),shop.googlemerchandisestore.com,referral,228,7.8947368421052628,3.5087719298245612,1.7543859649122806
2020-12-29,<Other>,(data deleted),(data deleted),1,0.0,0.0,0.0
2020-12-29,<Other>,<Other>,<Other>,522,3.4482758620689653,1.1494252873563218,0.76628352490421447
2020-12-29,<Other>,google,cpc,156,1.9230769230769231,0.0,0.0
2020-12-30,(data deleted),(data deleted),(data deleted),132,11.363636363636363,4.5454545454545459,3.7878787878787881
2020-12-30,(data deleted),<Other>,(data deleted),0,,,
2020-12-30,(direct),(direct),(none),751,3.062583222370173,0.79893475366178435,0.39946737683089217
2020-12-30,(organic),<Other>,organic,98,4.0816326530612246,1.0204081632653061,0.0
2020-12-30,(organic),google,organic,1019,3.5328753680078511,1.1776251226692835,0.6869479882237487
2020-12-30,(referral),<Other>,referral,333,2.7027027027027026,0.3003003003003003,0.0
2020-12-30,(referral),shop.googlemerchandisestore.com,referral,253,4.7430830039525684,2.766798418972332,1.5810276679841897
2020-12-30,<Other>,(data deleted),(data deleted),1,0.0,0.0,0.0
2020-12-30,<Other>,<Other>,<Other>,460,2.3913043478260869,0.86956521739130432,0.43478260869565216
2020-12-30,<Other>,google,<Other>,1,0.0,0.0,0.0
2020-12-30,<Other>,google,cpc,134,2.2388059701492535,0.0,0.0
2020-12-31,(data deleted),(data deleted),(data deleted),112,8.9285714285714288,6.25,3.5714285714285712
2020-12-31,(data deleted),<Other>,(data deleted),0,,,
2020-12-31,(direct),(direct),(none),612,2.7777777777777777,0.65359477124183007,0.32679738562091504
2020-12-31,(organic),<Other>,organic,90,4.4444444444444446,2.2222222222222223,0.0
2020-12-31,(organic),google,organic,862,2.7842227378190252,1.160092807424594,0.580046403712297
2020-12-31,(referral),<Other>,referral,228,4.8245614035087714,2.6315789473684208,2.1929824561403506
2020-12-31,(referral),shop.googlemerchandisestore.com,referral,175,7.4285714285714288,2.8571428571428572,1.7142857142857144
2020-12-31,<Other>,(data deleted),(data deleted),2,0.0,0.0,0.0
2020-12-31,<Other>,<Other>,<Other>,388,2.5773195876288657,1.804123711340206,0.51546391752577314
2020-12-31,<Other>,google,cpc,118,5.0847457627118651,1.6949152542372881,0.847457627118644
2021-01-01,(data deleted),(data deleted),(data deleted),85,5.88235294117647,2.3529411764705883,2.3529411764705883
2021-01-01,(data deleted),<Other>,(data deleted),2,0.0,0.0,0.0
2021-01-01,(direct),(direct),(none),564,4.25531914893617,1.5957446808510638,0.88652482269503552
2021-01-01,(organic),<Other>,organic,64,1.5625,0.0,0.0
2021-01-01,(organic),google,organic,746,2.6809651474530831,1.0723860589812333,0.40214477211796246
2021-01-01,(referral),<Other>,referral,211,2.8436018957345972,0.47393364928909953,0.47393364928909953
2021-01-01,(referral),shop.googlemerchandisestore.com,referral,134,2.2388059701492535,0.0,0.0
2021-01-01,<Other>,(data deleted),(data deleted),3,0.0,0.0,0.0
2021-01-01,<Other>,<Other>,<Other>,377,1.8567639257294428,1.5915119363395225,0.0
2021-01-01,<Other>,google,cpc,103,1.9417475728155338,0.97087378640776689,0.97087378640776689
2021-01-02,(data deleted),(data deleted),(data deleted),96,4.1666666666666661,5.2083333333333339,1.0416666666666665
2021-01-02,(direct),(direct),(none),633,2.3696682464454977,0.78988941548183245,0.315955766192733
2021-01-02,(organic),<Other>,organic,72,0.0,0.0,0.0
2021-01-02,(organic),google,organic,896,2.1205357142857144,1.3392857142857142,0.6696428571428571
2021-01-02,(referral),<Other>,referral,281,2.1352313167259789,1.0676156583629894,0.71174377224199281
2021-01-02,(referral),shop.googlemerchandisestore.com,referral,149,2.0134228187919461,0.67114093959731547,0.67114093959731547
2021-01-02,<Other>,(data deleted),(data deleted),3,0.0,0.0,0.0
2021-01-02,<Other>,<Other>,<Other>,428,3.9719626168224296,1.1682242990654206,0.46728971962616817
2021-01-02,<Other>,google,cpc,147,0.68027210884353739,0.0,0.0
2021-01-03,(data deleted),(data deleted),(data deleted),92,8.695652173913043,4.3478260869565215,3.2608695652173911
2021-01-03,(data deleted),<Other>,(data deleted),2,0.0,0.0,0.0
2021-01-03,(direct),(direct),(none),634,1.7350157728706623,0.78864353312302837,0.31545741324921134
2021-01-03,(organic),<Other>,organic,91,1.098901098901099,0.0,0.0
2021-01-03,(organic),google,organic,891,1.7957351290684627,0.78563411896745239,0.11223344556677892
2021-01-03,(referral),<Other>,referral,280,1.0714285714285714,0.35714285714285715,0.35714285714285715
2021-01-03,(referral),shop.googlemerchandisestore.com,referral,174,3.4482758620689653,2.2988505747126435,1.1494252873563218
2021-01-03,<Other>,(data deleted),(data deleted),4,0.0,0.0,0.0
2021-01-03,<Other>,<Other>,<Other>,476,2.73109243697479,1.8907563025210083,0.84033613445378152
2021-01-03,<Other>,google,cpc,109,0.91743119266055051,1.834862385321101,0.91743119266055051
2021-01-04,(data deleted),(data deleted),(data deleted),143,5.5944055944055942,2.7972027972027971,2.0979020979020979
2021-01-04,(data deleted),<Other>,(data deleted),3,0.0,0.0,0.0
2021-01-04,(direct),(direct),(none),784,2.1683673469387754,0.89285714285714279,0.51020408163265307
2021-01-04,(organic),<Other>,organic,94,2.1276595744680851,1.0638297872340425,0.0
2021-01-04,(organic),google,organic,1066,3.75234521575985,0.93808630393996251,0.46904315196998125
2021-01-04,(referral),<Other>,referral,323,4.643962848297214,0.92879256965944268,0.30959752321981426
2021-01-04,(referral),shop.googlemerchandisestore.com,referral,229,2.6200873362445414,0.43668122270742354,0.43668122270742354
2021-01-04,<Other>,(data deleted),(data deleted),3,0.0,0.0,0.0
2021-01-04,<Other>,<Other>,<Other>,510,2.1568627450980391,0.78431372549019607,0.19607843137254902
2021-01-04,<Other>,google,cpc,162,1.2345679012345678,0.61728395061728392,0.61728395061728392
2021-01-05,(data deleted),(data deleted),(data deleted),176,5.1136363636363642,2.8409090909090908,2.8409090909090908
2021-01-05,(data deleted),<Other>,(data deleted),2,0.0,0.0,0.0
2021-01-05,(direct),(direct),(none),1021,2.7424094025465231,0.68560235063663078,0.39177277179236042
2021-01-05,(organic),<Other>,organic,130,3.0769230769230771,0.0,0.0
2021-01-05,(organic),google,organic,1476,3.116531165311653,1.3550135501355014,0.88075880758807579
2021-01-05,(referral),<Other>,referral,438,3.8812785388127851,2.054794520547945,0.228310502283105
2021-01-05,(referral),shop.googlemerchandisestore.com,referral,306,6.5359477124183014,2.6143790849673203,0.65359477124183007
2021-01-05,<Other>,<Other>,<Other>,664,2.86144578313253,0.45180722891566261,0.15060240963855423
2021-01-05,<Other>,google,cpc,197,4.5685279187817258,1.015228426395939,0.50761421319796951
2021-01-06,(data deleted),(data deleted),(data deleted),263,6.083650190114068,3.041825095057034,0.76045627376425851
2021-01-06,(data deleted),<Other>,(data deleted),4,0.0,0.0,0.0
2021-01-06,(direct),(direct),(none),1408,2.6278409090909092,0.99431818181818177,0.56818181818181823
2021-01-06,(organic),<Other>,organic,187,3.2085561497326207,1.06951871657754,0.53475935828877
2021-01-06,(organic),google,organic,1930,2.7979274611398965,0.932642487046632,0.20725388601036268
2021-01-06,(referral),<Other>,referral,567,3.5273368606701938,1.5873015873015872,1.0582010582010581
2021-01-06,(referral),shop.googlemerchandisestore.com,referral,421,3.0878859857482186,0.95011876484560576,0.47505938242280288
2021-01-06,<Other>,(data deleted),(data deleted),8,12.5,12.5,12.5
2021-01-06,<Other>,<Other>,<Other>,902,2.8824833702882482,0.77605321507760539,0.33259423503325941
2021-01-06,<Other>,google,cpc,261,3.8314176245210727,0.76628352490421447,0.38314176245210724
2021-01-07,(data deleted),(data deleted),(data deleted),239,7.1129707112970717,4.1841004184100417,1.6736401673640167
2021-01-07,(data deleted),<Other>,(data deleted),1,0.0,0.0,0.0
2021-01-07,(direct),(direct),(none),1061,4.0527803958529685,1.2252591894439209,0.65975494816211122
2021-01-07,(organic),<Other>,organic,136,2.2058823529411766,0.73529411764705876,0.73529411764705876
2021-01-07,(organic),google,organic,1539,3.3138401559454191,1.4294996751137101,0.71474983755685506
2021-01-07,(referral),<Other>,referral,406,2.4630541871921183,0.73891625615763545,0.24630541871921183
2021-01-07,(referral),shop.googlemerchandisestore.com,referral,335,6.26865671641791,1.791044776119403,0.0
2021-01-07,<Other>,(data deleted),(data deleted),4,25.0,0.0,0.0
2021-01-07,<Other>,<Other>,<Other>,680,3.5294117647058822,0.73529411764705876,0.14705882352941177
2021-01-07,<Other>,google,cpc,206,2.912621359223301,0.48543689320388345,0.0
2021-01-08,(data deleted),(data deleted),(data deleted),213,8.4507042253521121,3.755868544600939,1.4084507042253522
2021-01-08,(data deleted),<Other>,(data deleted),3,0.0,0.0,0.0
2021-01-08,(direct),(direct),(none),1006,3.6779324055666,1.8886679920477136,1.2922465208747516
2021-01-08,(organic),<Other>,organic,136,4.4117647058823533,2.2058823529411766,1.4705882352941175
2021-01-08,(organic),google,organic,1337,2.8421839940164548,0.67314884068810776,0.22438294689603588
2021-01-08,(referral),<Other>,referral,401,3.4912718204488775,1.7456359102244388,0.74812967581047385
2021-01-08,(referral),shop.googlemerchandisestore.com,referral,311,5.787781350482315,2.2508038585209005,0.64308681672025725
2021-01-08,<Other>,(data deleted),(data deleted),8,0.0,0.0,0.0
2021-01-08,<Other>,<Other>,<Other>,619,2.5848142164781907,1.1308562197092082,0.80775444264943452
2021-01-08,<Other>,google,cpc,183,4.3715846994535523,1.639344262295082,1.639344262295082
2021-01-09,(data deleted),(data deleted),(data deleted),147,7.4829931972789119,2.0408163265306123,2.0408163265306123
2021-01-09,(direct),(direct),(none),757,3.8309114927344781,1.0568031704095113,0.26420079260237783
2021-01-09,(organic),<Other>,organic,103,1.9417475728155338,0.97087378640776689,0.97087378640776689
2021-01-09,(organic),google,organic,1067,2.6241799437675724,0.5623242736644799,0.28116213683223995
2021-01-09,(referral),<Other>,referral,304,2.9605263157894735,2.9605263157894735,1.6447368421052631
2021-01-09,(referral),shop.googlemerchandisestore.com,referral,241,4.1493775933609953,1.6597510373443984,0.82987551867219922
2021-01-09,<Other>,(data deleted),(data deleted),1,0.0,0.0,0.0
2021-01-09,<Other>,<Other>,<Other>,485,3.5051546391752577,1.0309278350515463,0.2061855670103093
2021-01-09,<Other>,google,cpc,134,2.9850746268656714,1.4925373134328357,0.74626865671641784
2021-01-10,(data deleted),(data deleted),(data deleted),120,2.5,0.83333333333333337,0.0
2021-01-10,(data deleted),<Other>,(data deleted),4,25.0,0.0,0.0
2021-01-10,(direct),(direct),(none),702,2.2792022792022792,0.99715099715099709,0.56980056980056981
2021-01-10,(organic),<Other>,organic,100,3.0,2.0,0.0
2021-01-10,(organic),google,organic,968,2.4793388429752068,0.82644628099173556,0.30991735537190085
2021-01-10,(referral),<Other>,referral,245,5.3061224489795915,0.81632653061224492,0.0
2021-01-10,(referral),shop.googlemerchandisestore.com,referral,200,3.5000000000000004,3.0,1.5
2021-01-10,<Other>,(data deleted),(data deleted),3,33.333333333333329,33.333333333333329,33.333333333333329
2021-01-10,<Other>,<Other>,<Other>,479,3.1315240083507305,1.4613778705636742,0.62630480167014613
2021-01-10,<Other>,google,cpc,153,1.3071895424836601,0.0,0.0
2021-01-11,(data deleted),(data deleted),(data deleted),208,4.3269230769230766,1.9230769230769231,0.48076923076923078
2021-01-11,(direct),(direct),(none),896,3.5714285714285712,1.3392857142857142,1.0044642857142858
2021-01-11,(organic),<Other>,organic,116,4.3103448275862073,2.5862068965517242,0.86206896551724133
2021-01-11,(organic),google,organic,1266,3.6334913112164293,0.86887835703001581,0.39494470774091622
2021-01-11,(referral),<Other>,referral,367,4.9046321525885563,1.3623978201634876,0.81743869209809261
2021-01-11,(referral),shop.googlemerchandisestore.com,referral,273,5.86080586080586,1.8315018315018317,0.73260073260073255
2021-01-11,<Other>,(data deleted),(data deleted),3,66.666666666666657,33.333333333333329,33.333333333333329
2021-01-11,<Other>,<Other>,<Other>,624,4.1666666666666661,1.7628205128205128,0.48076923076923078
2021-01-11,<Other>,google,cpc,162,3.7037037037037033,2.4691358024691357,1.2345679012345678
2021-01-12,(data deleted),(data deleted),(data deleted),246,4.4715447154471546,4.0650406504065035,2.0325203252032518
2021-01-12,(data deleted),<Other>,(data deleted),5,0.0,0.0,0.0
2021-01-12,(direct),(direct),(none),1084,3.2287822878228782,1.4760147601476015,1.107011070110701
2021-01-12,(organic),<Other>,organic,137,5.1094890510948909,2.9197080291970803,0.72992700729927007
2021-01-12,(organic),google,organic,1475,3.8644067796610173,1.6271186440677967,0.67796610169491522
2021-01-12,(referral),<Other>,referral,462,4.5454545454545459,1.2987012987012987,0.4329004329004329
2021-01-12,(referral),shop.googlemerchandisestore.com,referral,340,4.117647058823529,2.0588235294117645,1.7647058823529411
2021-01-12,<Other>,(data deleted),(data deleted),5,20.0,0.0,0.0
2021-01-12,<Other>,<Other>,<Other>,721,3.3287101248266295,1.3869625520110958,0.83217753120665738
2021-01-12,<Other>,google,cpc,202,0.99009900990099009,0.99009900990099009,0.49504950495049505
2021-01-13,(data deleted),(data deleted),(data deleted),236,8.0508474576271176,5.0847457627118651,2.9661016949152543
2021-01-13,(data deleted),<Other>,(data deleted),3,0.0,0.0,0.0
2021-01-13,(direct),(direct),(none),1078,3.6178107606679033,0.927643784786642,0.463821892393321
2021-01-13,(organic),<Other>,organic,146,4.10958904109589,0.684931506849315,0.0
2021-01-13,(organic),google,organic,1377,4.2846768336964418,2.3965141612200433,0.58097312999273787
2021-01-13,(referral),<Other>,referral,424,3.5377358490566038,2.1226415094339623,1.179245283018868
2021-01-13,(referral),shop.googlemerchandisestore.com,referral,319,3.761755485893417,2.19435736677116,0.94043887147335425
2021-01-13,<Other>,(data deleted),(data deleted),3,33.333333333333329,33.333333333333329,33.333333333333329
2021-01-13,<Other>,<Other>,<Other>,676,3.2544378698224854,1.3313609467455623,0.591715976331361
2021-01-13,<Other>,google,cpc,215,2.7906976744186047,0.93023255813953487,0.93023255813953487
2021-01-14,(data deleted),(data deleted),(data deleted),225,7.1111111111111107,3.5555555555555554,2.2222222222222223
2021-01-14,(data deleted),<Other>,(data deleted),6,0.0,0.0,0.0
2021-01-14,(direct),(direct),(none),1038,5.0096339113680148,2.2157996146435455,0.86705202312138718
2021-01-14,(organic),<Other>,organic,135,4.4444444444444446,0.74074074074074081,0.0
2021-01-14,(organic),google,organic,1359,4.0470934510669609,1.692420897718911,0.95658572479764536
2021-01-14,(referral),<Other>,referral,395,4.8101265822784809,1.7721518987341773,1.2658227848101267
2021-01-14,(referral),shop.googlemerchandisestore.com,referral,348,7.7586206896551726,4.0229885057471266,2.8735632183908044
2021-01-14,<Other>,(data deleted),(data deleted),2,0.0,0.0,0.0
2021-01-14,<Other>,<Other>,<Other>,626,3.0351437699680508,0.95846645367412142,0.79872204472843444
2021-01-14,<Other>,google,cpc,187,4.27807486631016,0.0,0.0
2021-01-15,(data deleted),(data deleted),(data deleted),190,5.7894736842105265,2.1052631578947367,1.0526315789473684
2021-01-15,(data deleted),<Other>,(data deleted),2,0.0,0.0,0.0
2021-01-15,(direct),(direct),(none),937,3.7353255069370332,1.8143009605122731,1.0672358591248665
2021-01-15,(organic),<Other>,organic,108,5.5555555555555554,1.8518518518518516,0.92592592592592582
2021-01-15,(organic),google,organic,1246,4.173354735152488,2.0064205457463884,1.1235955056179776
2021-01-15,(referral),<Other>,referral,383,5.221932114882506,1.8276762402088773,0.7832898172323759
2021-01-15,(referral),shop.googlemerchandisestore.com,referral,268,5.5970149253731343,1.4925373134328357,0.74626865671641784
2021-01-15,<Other>,(data deleted),(data deleted),6,16.666666666666664,16.666666666666664,16.666666666666664
2021-01-15,<Other>,<Other>,<Other>,593,3.2040472175379429,1.5177065767284992,0.67453625632377734
2021-01-15,<Other>,google,cpc,160,5.0,1.25,0.625
2021-01-16,(data deleted),(data deleted),(data deleted),128,9.375,5.46875,2.34375
2021-01-16,(data deleted),<Other>,(data deleted),3,0.0,0.0,0.0
2021-01-16,(direct),(direct),(none),768,4.296875,1.953125,0.52083333333333326
2021-01-16,(organic),<Other>,organic,96,2.083333333333333,0.0,0.0
2021-01-16,(organic),google,organic,1000,3.1,1.7999999999999998,0.89999999999999991
2021-01-16,(referral),<Other>,referral,330,3.939393939393939,1.5151515151515151,0.90909090909090906
2021-01-16,(referral),shop.googlemerchandisestore.com,referral,218,1.3761467889908259,1.3761467889908259,0.91743119266055051
2021-01-16,<Other>,(data deleted),(data deleted),4,25.0,0.0,0.0
2021-01-16,<Other>,<Other>,<Other>,482,3.9419087136929458,0.41493775933609961,0.41493775933609961
2021-01-16,<Other>,google,cpc,117,5.1282051282051277,1.7094017094017095,0.85470085470085477
2021-01-17,(data deleted),(data deleted),(data deleted),137,5.1094890510948909,3.64963503649635,1.4598540145985401
2021-01-17,(direct),(direct),(none),686,2.3323615160349855,1.0204081632653061,0.0
2021-01-17,(organic),<Other>,organic,78,6.41025641025641,1.2820512820512819,0.0
2021-01-17,(organic),google,organic,1004,2.5896414342629481,0.99601593625498008,0.59760956175298807
2021-01-17,(referral),<Other>,referral,289,4.1522491349480966,1.3840830449826991,0.34602076124567477
2021-01-17,(referral),shop.googlemerchandisestore.com,referral,195,4.1025641025641022,1.0256410256410255,1.0256410256410255
2021-01-17,<Other>,(data deleted),(data deleted),4,0.0,0.0,0.0
2021-01-17,<Other>,<Other>,<Other>,438,2.968036529680365,1.36986301369863,0.684931506849315
2021-01-17,<Other>,google,cpc,129,2.3255813953488373,0.0,0.0
2021-01-18,(data deleted),(data deleted),(data deleted),172,7.55813953488372,2.9069767441860463,0.58139534883720934
2021-01-18,(data deleted),<Other>,(data deleted),2,0.0,0.0,0.0
2021-01-18,(direct),(direct),(none),804,2.8606965174129355,1.1194029850746268,0.37313432835820892
2021-01-18,(organic),<Other>,organic,84,0.0,0.0,0.0
2021-01-18,(organic),google,organic,1187,3.1171019376579614,1.3479359730412805,0.58972198820556021
2021-01-18,(referral),<Other>,referral,313,1.5974440894568689,1.2779552715654952,0.63897763578274758
2021-01-18,(referral),shop.googlemerchandisestore.com,referral,275,4.7272727272727275,2.1818181818181821,0.72727272727272729
2021-01-18,<Other>,(data deleted),(data deleted),1,0.0,0.0,0.0
2021-01-18,<Other>,<Other>,<Other>,567,2.9982363315696645,0.70546737213403876,0.52910052910052907
2021-01-18,<Other>,google,cpc,156,2.5641025641025639,1.9230769230769231,0.0
2021-01-19,(data deleted),(data deleted),(data deleted),208,10.576923076923077,5.7692307692307692,3.8461538461538463
2021-01-19,(data deleted),<Other>,(data deleted),2,0.0,0.0,0.0
2021-01-19,(direct),(direct),(none),946,4.7568710359408035,2.3255813953488373,1.3742071881606766
2021-01-19,(organic),<Other>,organic,142,4.225352112676056,0.70422535211267612,0.0
2021-01-19,(organic),google,organic,1309,4.2016806722689077,2.2154316271963332,1.06951871657754
2021-01-19,(referral),<Other>,referral,381,3.674540682414698,1.5748031496062991,1.3123359580052494
2021-01-19,(referral),shop.googlemerchandisestore.com,referral,370,5.1351351351351351,1.8918918918918921,1.0810810810810811
2021-01-19,<Other>,(data deleted),(data deleted),8,0.0,12.5,0.0
2021-01-19,<Other>,<Other>,<Other>,603,2.6533996683250414,0.82918739635157546,0.49751243781094528
2021-01-19,<Other>,google,cpc,177,1.1299435028248588,0.0,0.0
2021-01-20,(data deleted),(data deleted),(data deleted),271,7.3800738007380069,5.5350553505535052,4.0590405904059041
2021-01-20,(data deleted),<Other>,(data deleted),5,20.0,20.0,20.0
2021-01-20,(direct),(direct),(none),1106,4.61121157323689,2.8028933092224229,1.5370705244122964
2021-01-20,(organic),<Other>,organic,144,6.25,6.25,2.083333333333333
2021-01-20,(organic),google,organic,1476,5.0135501355013554,2.3035230352303522,1.5582655826558265
2021-01-20,(referral),<Other>,referral,465,5.161290322580645,2.795698924731183,1.935483870967742
2021-01-20,(referral),shop.googlemerchandisestore.com,referral,347,7.4927953890489913,4.6109510086455332,3.45821325648415
2021-01-20,<Other>,(data deleted),(data deleted),9,11.111111111111111,11.111111111111111,0.0
2021-01-20,<Other>,<Other>,<Other>,706,4.8158640226628888,2.974504249291785,2.26628895184136
2021-01-20,<Other>,google,cpc,198,2.0202020202020203,1.5151515151515151,1.0101010101010102
2021-01-21,(data deleted),(data deleted),(data deleted),258,7.7519379844961236,5.4263565891472867,3.10077519379845
2021-01-21,(data deleted),<Other>,(data deleted),4,0.0,0.0,0.0
2021-01-21,(direct),(direct),(none),1057,5.6764427625354781,1.8921475875118259,0.94607379375591294
2021-01-21,(organic),<Other>,organic,138,4.3478260869565215,0.72463768115942029,0.72463768115942029
2021-01-21,(organic),google,organic,1452,3.5123966942148761,1.997245179063361,1.0330578512396695
2021-01-21,(referral),<Other>,referral,452,5.7522123893805306,2.4336283185840708,1.3274336283185841
2021-01-21,(referral),shop.googlemerchandisestore.com,referral,360,6.666666666666667,4.7222222222222223,1.9444444444444444
2021-01-21,<Other>,(data deleted),(data deleted),5,60.0,40.0,0.0
2021-01-21,<Other>,<Other>,<Other>,690,3.1884057971014492,1.5942028985507246,0.14492753623188406
2021-01-21,<Other>,google,cpc,223,2.6905829596412558,0.44843049327354262,0.44843049327354262
2021-01-22,(data deleted),(data deleted),(data deleted),227,6.1674008810572687,5.286343612334802,2.643171806167401
2021-01-22,(data deleted),<Other>,(data deleted),5,0.0,0.0,0.0
2021-01-22,(direct),(direct),(none),946,4.6511627906976747,2.8541226215644819,1.4799154334038054
2021-01-22,(organic),<Other>,organic,125,4.0,1.6,1.6
2021-01-22,(organic),google,organic,1215,5.2674897119341564,4.4444444444444446,2.2222222222222223
2021-01-22,(referral),<Other>,referral,398,5.025125628140704,3.2663316582914574,1.7587939698492463
2021-01-22,(referral),shop.googlemerchandisestore.com,referral,337,6.8249258160237387,5.637982195845697,3.857566765578635
2021-01-22,<Other>,(data deleted),(data deleted),6,0.0,16.666666666666664,16.666666666666664
2021-01-22,<Other>,<Other>,<Other>,574,5.2264808362369335,2.7874564459930316,1.7421602787456445
2021-01-22,<Other>,google,cpc,198,8.0808080808080813,6.0606060606060606,4.0404040404040407
2021-01-23,(data deleted),(data deleted),(data deleted),143,6.9930069930069934,6.9930069930069934,5.5944055944055942
2021-01-23,(data deleted),<Other>,(data deleted),3,33.333333333333329,0.0,0.0
2021-01-23,(direct),(direct),(none),716,4.4692737430167595,2.7932960893854748,1.1173184357541899
2021-01-23,(organic),<Other>,organic,88,2.2727272727272729,1.1363636363636365,1.1363636363636365
2021-01-23,(organic),google,organic,944,3.1779661016949152,2.2245762711864407,1.3771186440677965
2021-01-23,(referral),<Other>,referral,293,5.1194539249146755,3.0716723549488054,1.7064846416382253
2021-01-23,(referral),shop.googlemerchandisestore.com,referral,251,5.5776892430278879,3.5856573705179287,1.9920318725099602
2021-01-23,<Other>,(data deleted),(data deleted),3,0.0,0.0,0.0
2021-01-23,<Other>,<Other>,<Other>,501,4.5908183632734527,1.7964071856287425,0.5988023952095809
2021-01-23,<Other>,google,cpc,146,0.684931506849315,0.0,0.0
2021-01-24,(data deleted),(data deleted),(data deleted),136,6.61764705882353,2.9411764705882351,1.4705882352941175
2021-01-24,(data deleted),<Other>,(data deleted),3,0.0,0.0,0.0
2021-01-24,(direct),(direct),(none),684,3.5087719298245612,2.0467836257309941,1.0233918128654971
2021-01-24,(organic),<Other>,organic,83,1.2048192771084338,0.0,0.0
2021-01-24,(organic),google,organic,928,3.4482758620689653,2.478448275862069,1.2931034482758621
2021-01-24,(referral),<Other>,referral,293,5.4607508532423212,3.0716723549488054,0.68259385665529015
2021-01-24,(referral),shop.googlemerchandisestore.com,referral,233,5.5793991416309012,3.8626609442060089,2.5751072961373391
2021-01-24,<Other>,(data deleted),(data deleted),4,25.0,25.0,25.0
2021-01-24,<Other>,<Other>,<Other>,422,3.3175355450236967,1.4218009478672986,0.7109004739336493
2021-01-24,<Other>,google,cpc,142,2.112676056338028,1.4084507042253522,1.4084507042253522
2021-01-25,(data deleted),(data deleted),(data deleted),216,6.9444444444444446,4.62962962962963,2.3148148148148149
2021-01-25,(data deleted),<Other>,(data deleted),2,0.0,0.0,0.0
2021-01-25,(direct),(direct),(none),874,4.0045766590389018,1.9450800915331807,1.3729977116704806
2021-01-25,(organic),<Other>,organic,108,2.7777777777777777,1.8518518518518516,1.8518518518518516
2021-01-25,(organic),google,organic,1248,3.5256410256410255,1.6826923076923077,1.1217948717948718
2021-01-25,(referral),<Other>,referral,348,3.7356321839080464,2.8735632183908044,2.5862068965517242
2021-01-25,(referral),shop.googlemerchandisestore.com,referral,300,4.666666666666667,3.0,2.0
2021-01-25,<Other>,(data deleted),(data deleted),9,11.111111111111111,0.0,0.0
2021-01-25,<Other>,<Other>,<Other>,583,3.4305317324185252,1.8867924528301887,1.0291595197255576
2021-01-25,<Other>,google,cpc,174,2.8735632183908044,2.8735632183908044,2.2988505747126435
2021-01-26,(data deleted),(data deleted),(data deleted),259,5.4054054054054053,5.4054054054054053,4.2471042471042466
2021-01-26,(data deleted),<Other>,(data deleted),5,0.0,0.0,0.0
2021-01-26,(direct),(direct),(none),895,3.6871508379888271,3.1284916201117321,1.4525139664804469
2021-01-26,(organic),<Other>,organic,116,4.3103448275862073,2.5862068965517242,1.7241379310344827
2021-01-26,(organic),google,organic,1277,3.523884103367267,1.4878621769772904,0.86139389193422078
2021-01-26,(referral),<Other>,referral,381,3.1496062992125982,1.837270341207349,1.0498687664041995
2021-01-26,(referral),shop.googlemerchandisestore.com,referral,320,4.375,2.8125,2.1875
2021-01-26,<Other>,(data deleted),(data deleted),7,0.0,0.0,0.0
2021-01-26,<Other>,<Other>,<Other>,596,2.8523489932885906,0.83892617449664431,0.33557046979865773
2021-01-26,<Other>,google,cpc,192,2.604166666666667,2.083333333333333,0.52083333333333326
2021-01-27,(data deleted),(data deleted),(data deleted),274,7.664233576642336,5.8394160583941606,2.18978102189781
2021-01-27,(data deleted),<Other>,(data deleted),5,0.0,0.0,0.0
2021-01-27,(direct),(direct),(none),958,6.05427974947808,3.2359081419624216,1.4613778705636742
2021-01-27,(organic),<Other>,organic,130,6.1538461538461542,4.6153846153846159,1.5384615384615385
2021-01-27,(organic),google,organic,1357,3.97936624907885,1.4738393515106853,0.51584377302873985
2021-01-27,(referral),<Other>,referral,411,6.3260340632603409,2.67639902676399,1.70316301703163
2021-01-27,(referral),shop.googlemerchandisestore.com,referral,340,7.6470588235294121,5.0,2.0588235294117645
2021-01-27,<Other>,(data deleted),(data deleted),6,0.0,0.0,0.0
2021-01-27,<Other>,<Other>,<Other>,612,5.5555555555555554,2.7777777777777777,1.1437908496732025
2021-01-27,<Other>,google,cpc,178,3.9325842696629212,0.5617977528089888,0.0
2021-01-28,(data deleted),(data deleted),(data deleted),247,11.740890688259109,5.668016194331984,4.8582995951417
2021-01-28,(data deleted),<Other>,(data deleted),3,0.0,0.0,0.0
2021-01-28,(direct),(direct),(none),988,4.9595141700404861,2.2267206477732793,1.417004048582996
2021-01-28,(organic),<Other>,organic,117,3.4188034188034191,0.85470085470085477,0.85470085470085477
2021-01-28,(organic),google,organic,1209,2.7295285359801489,1.4888337468982631,0.82712985938792394
2021-01-28,(referral),<Other>,referral,395,4.8101265822784809,2.278481012658228,1.2658227848101267
2021-01-28,(referral),shop.googlemerchandisestore.com,referral,336,6.5476190476190483,2.9761904761904758,1.7857142857142856
2021-01-28,<Other>,(data deleted),(data deleted),2,0.0,0.0,0.0
2021-01-28,<Other>,<Other>,<Other>,592,4.2229729729729728,1.3513513513513513,1.0135135135135136
2021-01-28,<Other>,google,cpc,167,5.3892215568862278,4.1916167664670656,1.1976047904191618
2021-01-29,(data deleted),(data deleted),(data deleted),225,8.88888888888889,4.8888888888888893,2.666666666666667
2021-01-29,(data deleted),<Other>,(data deleted),2,0.0,0.0,0.0
2021-01-29,(direct),(direct),(none),880,4.6590909090909092,3.1818181818181817,1.8181818181818181
2021-01-29,(organic),<Other>,organic,123,5.6910569105691051,0.81300813008130091,0.0
2021-01-29,(organic),google,organic,1181,2.9635901778154108,1.5241320914479255,0.93141405588484327
2021-01-29,(referral),<Other>,referral,348,3.4482758620689653,3.4482758620689653,2.2988505747126435
2021-01-29,(referral),shop.googlemerchandisestore.com,referral,285,5.9649122807017543,3.1578947368421053,2.1052631578947367
2021-01-29,<Other>,(data deleted),(data deleted),4,0.0,0.0,0.0
2021-01-29,<Other>,<Other>,<Other>,537,3.5381750465549344,1.6759776536312849,0.55865921787709494
2021-01-29,<Other>,google,cpc,156,6.41025641025641,2.5641025641025639,0.641025641025641
2021-01-30,(data deleted),(data deleted),(data deleted),153,6.5359477124183014,5.2287581699346406,2.6143790849673203
2021-01-30,(data deleted),<Other>,(data deleted),2,50.0,0.0,0.0
2021-01-30,(direct),(direct),(none),664,4.66867469879518,1.957831325301205,1.2048192771084338
2021-01-30,(organic),<Other>,organic,94,2.1276595744680851,0.0,0.0
2021-01-30,(organic),google,organic,863,3.3603707995365011,1.9698725376593278,0.81112398609501735
2021-01-30,(referral),<Other>,referral,276,2.8985507246376812,0.72463768115942029,0.72463768115942029
2021-01-30,(referral),shop.googlemerchandisestore.com,referral,213,6.103286384976526,3.755868544600939,2.8169014084507045
2021-01-30,<Other>,<Other>,<Other>,413,2.9055690072639226,1.2106537530266344,0.24213075060532688
2021-01-30,<Other>,google,cpc,129,3.10077519379845,0.0,0.0
2021-01-31,(data deleted),(data deleted),(data deleted),137,6.5693430656934311,2.18978102189781,1.4598540145985401
2021-01-31,(data deleted),<Other>,(data deleted),3,0.0,0.0,0.0
2021-01-31,(direct),(direct),(none),631,4.91283676703645,2.3771790808240887,1.1093502377179081
2021-01-31,(organic),<Other>,organic,67,1.4925373134328357,1.4925373134328357,0.0
2021-01-31,(organic),google,organic,888,3.6036036036036037,1.6891891891891893,0.45045045045045046
2021-01-31,(referral),<Other>,referral,256,1.5625,1.5625,0.0
2021-01-31,(referral),shop.googlemerchandisestore.com,referral,215,3.7209302325581395,2.7906976744186047,0.46511627906976744
2021-01-31,<Other>,(data deleted),(data deleted),5,20.0,20.0,0.0
2021-01-31,<Other>,<Other>,<Other>,404,4.2079207920792081,2.4752475247524752,0.99009900990099009
2021-01-31,<Other>,google,cpc,152,0.6578947368421052,0.6578947368421052,0.0