"ad_date","media_source","average_daily_spend","max_daily_spend","min_daily_spend"
2021-12-05,Facebook Ads,2808.3333333333333333,9188,307
2021-05-08,Google Ads,3559.5000000000000000,4625,2494
2021-11-10,Facebook Ads,2140.3333333333333333,4235,717
2021-10-06,Google Ads,3518.5000000000000000,7241,9
2022-10-29,Google Ads,49801.000000000000,49801,49801
2021-06-27,Google Ads,2233.8000000000000000,3220,192
2022-10-30,Google Ads,41590.000000000000,41590,41590
2021-02-20,Facebook Ads,2396.5000000000000000,4631,162
2021-11-04,Google Ads,1687.0000000000000000,2160,1214
2022-06-05,Facebook Ads,20141.333333333333,55533,1506
2020-12-17,Facebook Ads,2739.0000000000000000,2739,2739
2021-10-28,Facebook Ads,6732.1666666666666667,19969,794
2020-11-23,Facebook Ads,1456.0000000000000000,1456,1456
2022-02-04,Facebook Ads,990.0000000000000000,990,990
2021-10-18,Google Ads,1740.2000000000000000,2873,1158
2021-11-18,Google Ads,1452.6666666666666667,2848,513
2021-01-12,Google Ads,297.0000000000000000,297,297
2021-06-04,Facebook Ads,20292.000000000000,64752,555
2022-04-09,Google Ads,26861.500000000000,70807,351
2020-12-08,Facebook Ads,3716.0000000000000000,3716,3716
2021-02-02,Google Ads,829.0000000000000000,829,829
2021-12-15,Google Ads,479.5000000000000000,679,280
2022-07-11,Facebook Ads,3302.0000000000000000,3302,3302
2021-08-10,Google Ads,2425.2500000000000000,6999,618
2021-12-23,Facebook Ads,5811.4285714285714286,27054,216
2022-04-11,Facebook Ads,20295.571428571429,97002,911
2022-03-30,Google Ads,13145.500000000000,31018,556
2022-07-05,Facebook Ads,12921.3333333333333333,38764,0
2022-06-15,Facebook Ads,10396.8000000000000000,33961,995
2021-01-17,Facebook Ads,3666.0000000000000000,3666,3666
2021-10-13,Google Ads,2671.6666666666666667,4294,1755
2021-09-22,Google Ads,3988.0000000000000000,5385,2914
2021-06-17,Facebook Ads,3647.3333333333333333,11923,1039
2022-07-06,Google Ads,54317.000000000000,54317,54317
2022-06-29,Google Ads,15417.666666666667,40144,1734
2022-02-11,Facebook Ads,2699.0000000000000000,2699,2699
2022-05-09,Facebook Ads,9025.2500000000000000,26845,823
2022-04-15,Facebook Ads,23732.428571428571,81252,892
2022-02-09,Facebook Ads,1425.0000000000000000,1425,1425
2021-06-02,Facebook Ads,14527.166666666667,53767,289
2021-04-22,Google Ads,3037.0000000000000000,3037,3037
2020-12-13,Google Ads,2284.0000000000000000,2284,2284
2020-12-12,Facebook Ads,3633.0000000000000000,3633,3633
2021-04-18,Google Ads,12835.0000000000000000,12835,12835
2022-04-06,Facebook Ads,18398.428571428571,74257,429
2021-08-21,Google Ads,4401.3333333333333333,9535,583
2022-05-28,Google Ads,13125.500000000000,42523,2847
2021-11-23,Facebook Ads,5485.8750000000000000,31613,650
2021-08-20,Google Ads,10960.0000000000000000,36897,990
2021-10-16,Google Ads,2141.4000000000000000,6262,216
2021-02-05,Google Ads,1286.0000000000000000,1286,1286
2022-06-30,Facebook Ads,6713.2000000000000000,20624,2349
2020-12-03,Google Ads,3214.0000000000000000,3214,3214
2021-01-06,Google Ads,2.0000000000000000,2,2
2021-06-26,Facebook Ads,5691.1111111111111111,25626,106
2021-02-20,Google Ads,3562.0000000000000000,3562,3562
2021-08-23,Google Ads,5510.7500000000000000,7282,1192
2022-04-08,Google Ads,10152.1428571428571429,31701,1413
2021-02-02,Facebook Ads,2869.0000000000000000,2869,2869
2021-08-27,Facebook Ads,10240.2857142857142857,23609,1565
2020-12-23,Google Ads,548.0000000000000000,548,548
2021-10-31,Facebook Ads,5318.4000000000000000,13052,1910
2022-03-27,Google Ads,7293.3333333333333333,16256,438
2021-01-22,Facebook Ads,1107.0000000000000000,2078,136
2021-10-06,Facebook Ads,7684.4444444444444444,26943,0
2021-08-01,Facebook Ads,9966.0000000000000000,29792,2634
2022-03-24,Facebook Ads,13190.000000000000,20418,264
2022-11-01,Facebook Ads,0.00000000000000000000,0,0
2021-08-16,Google Ads,4233.2500000000000000,8208,1772
2021-01-04,Facebook Ads,7006.0000000000000000,7006,7006
2021-11-29,Facebook Ads,3058.3750000000000000,8258,424
2021-10-10,Facebook Ads,7563.8571428571428571,23531,1138
2021-11-06,Google Ads,1053.5000000000000000,1060,1047
2020-11-15,Google Ads,682.0000000000000000,682,682
2021-11-03,Google Ads,1445.0000000000000000,1566,1324
2021-02-24,Google Ads,1948.0000000000000000,1948,1948
2021-07-08,Google Ads,6921.6666666666666667,22069,2661
2021-12-14,Google Ads,1337.0000000000000000,1337,1337
2021-07-18,Facebook Ads,15029.750000000000,58824,1487
2021-02-15,Google Ads,1158.0000000000000000,1158,1158
2021-05-14,Facebook Ads,4213.4000000000000000,8283,972
2021-04-30,Facebook Ads,2751.0000000000000000,3496,2006
2021-10-24,Facebook Ads,5120.1428571428571429,16699,313
2020-12-01,Facebook Ads,879.0000000000000000,879,879
2022-02-02,Facebook Ads,813.0000000000000000,813,813
2021-12-05,Google Ads,860.6666666666666667,1309,404
2021-06-20,Google Ads,2430.0000000000000000,5237,1016
2022-04-22,Facebook Ads,9710.5000000000000000,18751,121
2021-07-07,Facebook Ads,7462.5000000000000000,29464,361
2021-11-13,Facebook Ads,5065.5000000000000000,15752,280
2021-07-26,Facebook Ads,7573.4285714285714286,21521,1615
2020-11-26,Facebook Ads,1423.0000000000000000,1423,1423
2021-09-09,Google Ads,4662.3333333333333333,6872,1252
2021-10-12,Google Ads,3375.8000000000000000,8136,1205
2021-08-04,Facebook Ads,8540.4444444444444444,26537,595
2022-03-27,Facebook Ads,15188.375000000000,68412,914
2021-01-19,Google Ads,21.0000000000000000,21,21
2022-04-12,Google Ads,11561.500000000000,26928,759
2022-01-31,Facebook Ads,1693.0000000000000000,1693,1693
2021-01-22,Google Ads,906.5000000000000000,1755,58
2021-11-08,Google Ads,1098.6666666666666667,1476,903
2021-07-23,Google Ads,6482.2500000000000000,17467,907
2022-05-01,Facebook Ads,14029.000000000000,32461,4473
2022-07-06,Facebook Ads,59029.000000000000,59029,59029
2022-06-19,Facebook Ads,20745.666666666667,49032,1348
2021-08-02,Google Ads,7000.6000000000000000,24147,1587
2021-01-28,Facebook Ads,1422.5000000000000000,2736,109
2021-09-23,Facebook Ads,6622.7142857142857143,19439,181
2022-01-05,Google Ads,0.00000000000000000000,0,0
2021-11-12,Google Ads,1684.0000000000000000,1832,1536
2020-12-08,Google Ads,936.0000000000000000,936,936
2022-04-03,Facebook Ads,24344.500000000000,65573,1186
2021-08-09,Google Ads,9390.5000000000000000,35562,0
2021-04-08,Facebook Ads,447.5000000000000000,569,326
2022-03-30,Facebook Ads,12041.625000000000,31453,656
2021-02-01,Google Ads,2096.0000000000000000,2096,2096
2022-01-03,Facebook Ads,800.2500000000000000,3201,0
,Facebook Ads,,,
2022-05-31,Google Ads,6304.0000000000000000,19562,0
2022-05-07,Facebook Ads,16738.666666666667,37644,3718
2021-08-07,Google Ads,8465.6000000000000000,28251,1254
2021-07-09,Google Ads,6648.5714285714285714,24648,357
2021-03-12,Facebook Ads,832.0000000000000000,832,832
2022-02-16,Facebook Ads,3289.0000000000000000,3289,3289
2021-12-20,Google Ads,830.5000000000000000,1178,483
2022-04-11,Google Ads,19713.428571428571,95269,579
2021-12-27,Facebook Ads,5978.8750000000000000,35779,373
2021-12-30,Google Ads,1410.0000000000000000,1410,1410
2021-07-04,Facebook Ads,3460.1250000000000000,12464,14
2020-11-28,Google Ads,422.0000000000000000,422,422
2022-06-21,Google Ads,12741.3333333333333333,34665,1525
2022-05-15,Google Ads,9560.2500000000000000,29810,1871
2021-06-24,Google Ads,2055.4000000000000000,4422,45
2021-11-19,Google Ads,1350.3333333333333333,2433,187
2022-06-25,Facebook Ads,14936.5000000000000000,26730,3143
2021-07-06,Facebook Ads,5435.7500000000000000,24235,2
2022-06-01,Facebook Ads,4636.8000000000000000,14920,0
2022-01-06,Facebook Ads,3800.0000000000000000,3800,3800
2022-06-10,Facebook Ads,16911.500000000000,26147,7676
2021-06-10,Google Ads,1286.0000000000000000,1642,848
2022-04-23,Facebook Ads,8477.6000000000000000,31130,0
2021-10-09,Facebook Ads,7834.3333333333333333,28302,0
2020-12-19,Facebook Ads,726.0000000000000000,726,726
2021-09-18,Google Ads,3687.5000000000000000,8648,1646
2021-05-27,Facebook Ads,2769.2500000000000000,5642,643
2021-01-28,Google Ads,394.0000000000000000,394,394
2021-02-11,Facebook Ads,1053.0000000000000000,1053,1053
2022-03-21,Facebook Ads,11041.4000000000000000,20770,319
2022-03-31,Google Ads,12718.500000000000,35223,881
2021-02-24,Facebook Ads,5620.0000000000000000,5620,5620
2021-01-13,Facebook Ads,2643.0000000000000000,5097,189
2021-12-07,Google Ads,2058.5000000000000000,2207,1910
2021-06-28,Google Ads,2560.5000000000000000,5744,1
2021-11-02,Facebook Ads,4235.8000000000000000,11565,1788
2021-05-10,Facebook Ads,8183.5000000000000000,13986,2381
2021-01-30,Google Ads,2077.0000000000000000,2077,2077
2021-06-05,Google Ads,2542.5000000000000000,3648,1437
2021-06-08,Google Ads,2881.5000000000000000,5319,444
2020-11-21,Google Ads,2137.0000000000000000,2137,2137
2020-12-12,Google Ads,1693.0000000000000000,1693,1693
2022-05-27,Facebook Ads,7389.0000000000000000,35670,707
2022-05-24,Google Ads,6496.5000000000000000,24875,448
2022-05-17,Facebook Ads,12345.7500000000000000,31886,4190
2021-11-28,Google Ads,943.0000000000000000,943,943
2021-09-03,Google Ads,7855.8333333333333333,30007,726
2021-10-26,Facebook Ads,4292.3333333333333333,8557,808
2021-01-31,Google Ads,1269.0000000000000000,1269,1269
2021-01-13,Google Ads,5197.0000000000000000,10112,282
2021-09-04,Google Ads,10525.2500000000000000,36603,651
2021-02-10,Google Ads,1947.0000000000000000,1947,1947
2022-05-21,Facebook Ads,4871.5714285714285714,14630,2273
2021-04-27,Google Ads,9524.0000000000000000,9524,9524
2022-01-05,Facebook Ads,0.00000000000000000000,0,0
2021-08-06,Facebook Ads,10622.6666666666666667,39949,432
2021-09-23,Google Ads,4555.2000000000000000,15997,71
2020-12-15,Facebook Ads,3150.0000000000000000,3150,3150
2022-06-10,Google Ads,1083.0000000000000000,1083,1083
2022-05-14,Google Ads,8177.5000000000000000,29241,913
2022-04-12,Facebook Ads,19317.625000000000,68901,390
2021-04-25,Google Ads,2933.0000000000000000,2933,2933
2022-06-02,Google Ads,5416.6666666666666667,9276,2484
2021-04-18,Facebook Ads,6705.0000000000000000,6705,6705
2021-07-07,Google Ads,8269.7500000000000000,26210,1127
2022-02-14,Facebook Ads,797.0000000000000000,797,797
2021-05-13,Facebook Ads,5277.0000000000000000,14539,572
2021-08-03,Google Ads,4667.6666666666666667,7366,1617
2021-09-17,Facebook Ads,5376.4285714285714286,14371,1630
2022-04-28,Google Ads,5228.5000000000000000,6653,3804
2021-11-04,Facebook Ads,4418.6666666666666667,14717,603
2021-06-16,Google Ads,2688.6666666666666667,6258,627
2021-06-15,Facebook Ads,6660.8000000000000000,22344,0
2021-10-02,Google Ads,4283.7500000000000000,7909,1171
2022-06-13,Google Ads,8347.6666666666666667,22504,1123
2021-11-29,Google Ads,1678.3333333333333333,2146,1350
2020-11-25,Google Ads,398.0000000000000000,398,398
2021-12-18,Google Ads,1208.3333333333333333,1946,800
2022-04-01,Google Ads,5653.1250000000000000,17421,754
2022-04-06,Google Ads,18444.500000000000,35917,3283
2021-02-03,Google Ads,817.0000000000000000,817,817
2022-06-05,Google Ads,17581.500000000000,31797,3366
2021-06-06,Facebook Ads,4943.4000000000000000,15331,1189
2021-12-13,Google Ads,1359.0000000000000000,2383,335
2021-12-08,Facebook Ads,3408.3750000000000000,6829,379
2021-10-23,Facebook Ads,3925.3333333333333333,9976,390
2021-09-19,Facebook Ads,6290.0000000000000000,23459,177
2021-12-11,Google Ads,933.3333333333333333,1703,501
2021-05-12,Facebook Ads,6890.3333333333333333,16978,1371
2021-02-25,Facebook Ads,3190.0000000000000000,3190,3190
2021-12-20,Facebook Ads,7614.0000000000000000,35023,403
2021-05-31,Google Ads,1403.0000000000000000,2170,378
2022-04-02,Google Ads,20932.666666666667,80054,1072
2021-06-13,Facebook Ads,3179.8333333333333333,7781,1206
2022-05-01,Google Ads,14120.500000000000,33002,902
2020-11-21,Facebook Ads,1819.0000000000000000,1819,1819
2022-06-12,Facebook Ads,11148.8000000000000000,36543,3154
2022-06-23,Facebook Ads,7725.5000000000000000,11303,4148
2020-11-14,Facebook Ads,727.0000000000000000,727,727
2020-11-29,Facebook Ads,1366.0000000000000000,1366,1366
2021-12-24,Google Ads,906.5000000000000000,1113,700
2021-07-30,Google Ads,6734.2000000000000000,26785,853
2022-04-29,Facebook Ads,3187.0000000000000000,3475,2899
2021-12-17,Facebook Ads,4607.1250000000000000,9647,335
2022-05-18,Facebook Ads,17974.500000000000,54596,5344
2021-07-02,Facebook Ads,6149.3000000000000000,41929,2
2021-12-28,Facebook Ads,4497.8750000000000000,16632,737
2021-07-05,Google Ads,1626.0000000000000000,1877,1459
2021-07-31,Facebook Ads,6279.0000000000000000,24950,760
2021-10-05,Facebook Ads,7001.1111111111111111,20669,11
2021-02-28,Facebook Ads,0.00000000000000000000,0,0
2022-07-04,Google Ads,0.00000000000000000000,0,0
2021-09-25,Facebook Ads,5279.2222222222222222,20670,35
2022-07-02,Google Ads,12144.2500000000000000,48577,0
2021-01-06,Facebook Ads,7138.5000000000000000,14270,7
2021-08-22,Facebook Ads,8749.1428571428571429,33051,1762
2021-07-28,Google Ads,9272.0000000000000000,29119,2658
2022-05-16,Google Ads,3728.3333333333333333,5316,1815
2021-07-27,Google Ads,6026.2000000000000000,8648,2343
2021-02-13,Facebook Ads,2884.0000000000000000,2884,2884
2022-05-03,Facebook Ads,9177.0000000000000000,20346,4157
2021-05-15,Facebook Ads,3674.7500000000000000,10380,937
2021-09-05,Google Ads,11657.0000000000000000,32003,608
2021-01-21,Facebook Ads,883.0000000000000000,1548,218
2021-12-08,Google Ads,1243.0000000000000000,1927,559
2021-11-15,Facebook Ads,5129.7777777777777778,28841,134
2021-01-09,Facebook Ads,5363.0000000000000000,5363,5363
2021-12-13,Facebook Ads,1302.8571428571428571,2688,216
2022-04-10,Facebook Ads,27791.000000000000,86837,5353
2021-05-12,Google Ads,5228.3333333333333333,13610,554
2020-11-22,Facebook Ads,3646.0000000000000000,3646,3646
2022-05-04,Facebook Ads,8373.0000000000000000,12501,605
2022-02-12,Facebook Ads,806.0000000000000000,806,806
2021-08-29,Facebook Ads,8533.0000000000000000,24329,883
2021-06-12,Google Ads,2210.3333333333333333,4069,245
2020-12-04,Facebook Ads,2730.0000000000000000,2730,2730
2021-06-26,Google Ads,1351.4285714285714286,4318,3
2021-08-01,Google Ads,4351.0000000000000000,7819,1158
2022-03-26,Facebook Ads,7177.8571428571428571,33487,384
2022-11-05,Google Ads,0.00000000000000000000,0,0
2021-09-08,Google Ads,3305.2500000000000000,9429,283
2021-07-15,Facebook Ads,8120.7777777777777778,23543,562
2021-07-17,Facebook Ads,6072.3333333333333333,23370,307
2021-06-14,Google Ads,2839.3333333333333333,3973,1616
2021-12-07,Facebook Ads,3148.0000000000000000,10086,571
2020-12-24,Google Ads,1904.0000000000000000,1904,1904
2022-05-03,Google Ads,9205.0000000000000000,17853,1883
2021-12-12,Google Ads,1260.0000000000000000,1260,1260
2021-05-25,Facebook Ads,26345.800000000000,120462,1385
2021-01-07,Google Ads,3543.0000000000000000,6750,336
2020-11-12,Google Ads,199.0000000000000000,332,66
2022-01-08,Facebook Ads,2263.0000000000000000,2263,2263
2020-11-24,Facebook Ads,3700.0000000000000000,3700,3700
2021-06-30,Facebook Ads,9370.8571428571428571,44388,0
2022-03-28,Facebook Ads,18743.875000000000,78872,758
2021-07-18,Google Ads,5816.0000000000000000,12901,1729
2021-04-10,Facebook Ads,240.5000000000000000,270,211
2021-08-17,Facebook Ads,8383.5000000000000000,32568,499
2020-11-12,Facebook Ads,1150.0000000000000000,2266,34
2020-12-05,Facebook Ads,2812.0000000000000000,2812,2812
2022-06-06,Facebook Ads,11520.0000000000000000,24494,2963
2022-01-01,Google Ads,0.00000000000000000000,0,0
2021-01-01,Facebook Ads,19.5000000000000000,39,0
2021-05-21,Google Ads,1425.6666666666666667,2623,467
2021-11-03,Facebook Ads,4069.6666666666666667,13243,357
2021-07-29,Google Ads,5928.7500000000000000,17201,461
2021-06-19,Google Ads,4500.2500000000000000,6088,1882
2022-04-26,Google Ads,11921.2500000000000000,38077,0
2021-02-06,Facebook Ads,1226.0000000000000000,1226,1226
2021-09-01,Google Ads,23303.500000000000,37172,9435
2021-02-25,Google Ads,1479.0000000000000000,1479,1479
2021-01-07,Facebook Ads,5971.0000000000000000,11637,305
2021-04-24,Facebook Ads,4255.5000000000000000,7372,1139
2021-12-19,Facebook Ads,4043.6250000000000000,7030,1458
2021-10-29,Facebook Ads,3912.6000000000000000,11741,858
2022-11-05,Facebook Ads,0.00000000000000000000,0,0
2021-01-03,Google Ads,4211.0000000000000000,4211,4211
2021-03-07,Facebook Ads,649.0000000000000000,649,649
2021-08-12,Google Ads,7554.0000000000000000,33399,1329
2022-05-09,Google Ads,2044.0000000000000000,2773,839
2022-06-09,Facebook Ads,15836.666666666667,33720,6373
2022-01-26,Facebook Ads,2158.0000000000000000,2158,2158
2021-11-30,Google Ads,1642.3333333333333333,1956,1135
2021-05-31,Facebook Ads,12653.000000000000,34797,1515
2022-06-27,Facebook Ads,19306.333333333333,54780,1169
2022-05-29,Facebook Ads,12261.166666666667,49416,3011
2021-09-04,Facebook Ads,12220.125000000000,38400,859
2022-05-13,Facebook Ads,10703.7500000000000000,34632,0
2021-02-04,Facebook Ads,708.0000000000000000,708,708
2021-12-30,Facebook Ads,4081.0000000000000000,16452,813
2022-02-21,Facebook Ads,614.0000000000000000,614,614
2022-10-30,Facebook Ads,33591.000000000000,33591,33591
2022-04-05,Google Ads,5136.6000000000000000,21643,487
2021-11-26,Facebook Ads,3227.6250000000000000,12893,332
2022-02-03,Facebook Ads,544.0000000000000000,544,544
2021-01-16,Facebook Ads,6410.5000000000000000,12635,186
2021-02-04,Google Ads,2156.0000000000000000,2156,2156
2021-08-13,Facebook Ads,5309.2500000000000000,18266,287
2022-04-03,Google Ads,17142.166666666667,57156,388
2021-04-27,Facebook Ads,1307.0000000000000000,1307,1307
2021-01-18,Facebook Ads,1531.5000000000000000,2735,328
2021-05-18,Google Ads,836.0000000000000000,836,836
2021-12-16,Facebook Ads,3442.5000000000000000,7251,1644
2022-03-21,Google Ads,9519.4000000000000000,14175,234
2021-12-26,Google Ads,1901.0000000000000000,2729,1193
2021-06-29,Google Ads,1122.5000000000000000,2016,0
2021-07-09,Facebook Ads,5797.3000000000000000,17469,486
2021-06-22,Google Ads,1287.7142857142857143,2601,20
2020-12-26,Facebook Ads,1444.5000000000000000,4014,264
2021-08-11,Google Ads,13680.666666666667,35915,2457
2021-10-30,Google Ads,415.5000000000000000,684,147
2021-01-15,Facebook Ads,3916.5000000000000000,7599,234
2021-11-09,Google Ads,687.5000000000000000,820,555
2021-10-14,Google Ads,2700.0000000000000000,6279,279
2021-09-21,Google Ads,10684.0000000000000000,28966,1854
2022-07-07,Facebook Ads,0.00000000000000000000,0,0
2022-05-12,Facebook Ads,14921.000000000000,50967,758
2021-02-10,Facebook Ads,2410.0000000000000000,2410,2410
2022-05-11,Google Ads,6021.0000000000000000,14086,1175
2021-09-18,Facebook Ads,9182.4444444444444444,29384,853
2020-11-18,Facebook Ads,3330.0000000000000000,3330,3330
2021-05-16,Facebook Ads,4591.0000000000000000,13350,891
2021-09-13,Facebook Ads,5615.7000000000000000,18484,132
2021-11-24,Google Ads,1498.0000000000000000,2077,1182
2022-03-23,Google Ads,18394.600000000000,50500,389
2021-08-11,Facebook Ads,8603.6250000000000000,28805,783
2021-07-10,Facebook Ads,6319.7142857142857143,31183,1300
2021-07-17,Google Ads,3958.1666666666666667,8163,333
2020-11-15,Facebook Ads,698.0000000000000000,698,698
2021-04-30,Google Ads,973.0000000000000000,973,973
2021-06-15,Google Ads,1464.6666666666666667,2058,381
2021-10-23,Google Ads,1297.6666666666666667,1416,1228
2021-07-31,Google Ads,5113.6666666666666667,13739,1237
2021-06-04,Google Ads,2279.0000000000000000,3956,348
2022-01-27,Facebook Ads,450.0000000000000000,450,450
2021-06-06,Google Ads,2592.6666666666666667,4704,789
2020-12-16,Google Ads,2226.0000000000000000,2226,2226
2021-02-09,Facebook Ads,585.0000000000000000,585,585
2022-01-03,Google Ads,0.00000000000000000000,0,0
2021-12-10,Google Ads,825.5000000000000000,1046,605
2022-01-25,Facebook Ads,1591.0000000000000000,1591,1591
2021-11-23,Google Ads,794.0000000000000000,1165,423
2021-02-09,Google Ads,2156.0000000000000000,2156,2156
2021-11-09,Facebook Ads,4482.6000000000000000,13002,593
2021-05-01,Facebook Ads,5127.0000000000000000,8269,1985
2021-05-09,Google Ads,1640.0000000000000000,1640,1640
2021-09-15,Google Ads,12230.5000000000000000,36435,631
2021-05-02,Facebook Ads,3104.0000000000000000,3104,3104
2021-10-10,Google Ads,2425.6000000000000000,3570,1383
2021-10-22,Google Ads,1023.5000000000000000,1685,0
2022-02-05,Facebook Ads,1775.0000000000000000,1775,1775
2021-01-12,Facebook Ads,6835.0000000000000000,13311,359
2021-02-13,Google Ads,799.0000000000000000,799,799
2021-02-27,Google Ads,0.00000000000000000000,0,0
2021-12-24,Facebook Ads,4873.8333333333333333,19710,745
2021-08-20,Facebook Ads,8512.2500000000000000,26287,2230
2021-04-29,Facebook Ads,446.0000000000000000,446,446
2021-05-03,Facebook Ads,6128.0000000000000000,11782,474
2020-12-29,Facebook Ads,1712.3333333333333333,3797,321
2021-10-17,Google Ads,3127.6000000000000000,6221,1018
2021-10-03,Google Ads,6387.0000000000000000,17926,17
2021-12-09,Facebook Ads,6933.2857142857142857,33521,428
2021-01-11,Facebook Ads,2846.0000000000000000,2846,2846
2021-01-08,Facebook Ads,3098.5000000000000000,6101,96
2022-06-14,Facebook Ads,11034.2500000000000000,31783,3547
2021-10-12,Facebook Ads,5898.2500000000000000,21100,712
2021-12-29,Google Ads,1532.3333333333333333,2306,500
2021-06-11,Google Ads,2318.3333333333333333,3930,84
2022-07-02,Facebook Ads,10214.6000000000000000,51073,0
2020-11-29,Google Ads,618.0000000000000000,618,618
2021-10-21,Google Ads,769.6000000000000000,2491,0
2021-09-07,Facebook Ads,7951.2222222222222222,40008,188
2021-07-11,Google Ads,4559.6666666666666667,11280,1179
2022-02-08,Facebook Ads,699.0000000000000000,699,699
2022-01-28,Facebook Ads,1927.0000000000000000,1927,1927
2021-07-16,Google Ads,1954.2500000000000000,4743,558
2022-05-26,Google Ads,4608.3333333333333333,9695,983
2021-07-26,Google Ads,3331.5000000000000000,5998,2098
2021-09-07,Google Ads,2263.5000000000000000,4854,954
2021-06-20,Facebook Ads,3446.1428571428571429,8263,1085
2021-05-24,Google Ads,1150.5000000000000000,1713,588
2021-10-05,Google Ads,1521.2000000000000000,5712,10
2021-05-29,Google Ads,2024.0000000000000000,3056,992
2021-07-06,Google Ads,2160.5000000000000000,4704,925
2021-04-26,Facebook Ads,9661.5000000000000000,16996,2327
2021-09-24,Google Ads,4913.3333333333333333,10053,903
2021-05-21,Facebook Ads,4235.2500000000000000,14863,589
2021-08-24,Facebook Ads,5137.1428571428571429,10844,1238
2022-06-20,Google Ads,1854.0000000000000000,3646,0
2021-05-02,Google Ads,8361.5000000000000000,14829,1894
2022-03-28,Google Ads,5421.1666666666666667,17852,392
2021-12-03,Google Ads,272.0000000000000000,272,272
2021-04-28,Google Ads,5422.0000000000000000,5422,5422
2021-07-13,Facebook Ads,8723.8750000000000000,33427,1436
2021-01-16,Google Ads,1552.5000000000000000,3055,50
2022-05-05,Facebook Ads,19778.000000000000,29115,10441
2022-05-08,Facebook Ads,9396.3333333333333333,19870,3672
2021-07-30,Facebook Ads,8652.0000000000000000,36739,1111
2022-05-14,Facebook Ads,11050.0000000000000000,32407,3601
2021-01-14,Facebook Ads,72.0000000000000000,72,72
2021-11-08,Facebook Ads,3223.8333333333333333,9447,1182
2022-05-06,Facebook Ads,17544.000000000000,34202,6833
2022-05-30,Google Ads,3983.7500000000000000,7012,2786
2021-07-25,Google Ads,9588.0000000000000000,25067,1369
2021-07-21,Facebook Ads,12033.714285714286,45925,1366
2020-12-27,Facebook Ads,1342.7500000000000000,3422,406
2020-11-27,Facebook Ads,771.0000000000000000,771,771
2021-07-14,Facebook Ads,6538.5714285714285714,17293,1149
2021-09-11,Facebook Ads,6464.1111111111111111,21751,306
2022-11-01,Google Ads,0.00000000000000000000,0,0
2022-04-30,Google Ads,11877.3333333333333333,30390,1542
2021-06-25,Facebook Ads,7809.5000000000000000,46174,215
2022-04-27,Facebook Ads,12595.250000000000,28298,2055
2021-05-18,Facebook Ads,7655.0000000000000000,24562,1235
2022-05-28,Facebook Ads,7245.3333333333333333,22726,2309
2022-04-25,Facebook Ads,7083.0000000000000000,10182,4416
2021-01-20,Facebook Ads,952.5000000000000000,1594,311
2021-12-31,Google Ads,430.0000000000000000,430,430
2020-12-22,Google Ads,1211.0000000000000000,1211,1211
2022-04-25,Google Ads,12428.5000000000000000,25487,6129
2021-09-01,Facebook Ads,5796.8571428571428571,19395,1423
2021-06-18,Google Ads,2870.5000000000000000,4671,1070
2021-09-17,Google Ads,4149.7500000000000000,7212,1864
2022-05-17,Google Ads,4943.6666666666666667,7731,1692
2021-02-21,Facebook Ads,2001.5000000000000000,3835,168
2021-10-29,Google Ads,1300.5000000000000000,1990,611
2021-11-22,Facebook Ads,5274.5000000000000000,18356,38
2020-11-25,Facebook Ads,3995.0000000000000000,3995,3995
2021-04-25,Facebook Ads,7031.5000000000000000,12020,2043
2021-08-17,Google Ads,9934.6000000000000000,35888,188
2020-12-03,Facebook Ads,4056.0000000000000000,4056,4056
2022-04-20,Facebook Ads,16827.000000000000,38221,5873
2021-08-19,Google Ads,3648.0000000000000000,7226,1646
2021-08-22,Google Ads,6767.1666666666666667,22269,825
2022-04-28,Facebook Ads,14749.750000000000,43248,3235
2021-12-19,Google Ads,529.5000000000000000,788,271
2022-04-16,Facebook Ads,17431.571428571429,43135,466
2022-04-14,Facebook Ads,16855.714285714286,88408,620
2021-05-05,Google Ads,5553.0000000000000000,5553,5553
2021-12-10,Facebook Ads,3548.8750000000000000,15527,197
2021-09-12,Facebook Ads,6706.8333333333333333,18960,1535
2021-10-01,Facebook Ads,7165.2500000000000000,20321,61
2022-01-10,Facebook Ads,685.0000000000000000,685,685
2021-05-04,Facebook Ads,13898.0000000000000000,13898,13898
2022-06-24,Facebook Ads,15793.000000000000,34613,2414
2022-02-06,Facebook Ads,578.0000000000000000,578,578
2022-01-02,Facebook Ads,597.6000000000000000,2988,0
2021-07-21,Google Ads,4448.3333333333333333,8270,1550
2021-11-25,Facebook Ads,4500.0000000000000000,13627,547
2021-06-11,Facebook Ads,7115.1250000000000000,37493,102
2021-12-12,Facebook Ads,4641.8750000000000000,22828,369
2021-01-02,Facebook Ads,774.0000000000000000,774,774
2021-02-06,Google Ads,1544.0000000000000000,1544,1544
2021-12-06,Google Ads,1509.0000000000000000,1565,1453
2021-09-20,Google Ads,5691.0000000000000000,12608,1502
2021-07-22,Google Ads,4184.3333333333333333,5577,1977
2022-04-08,Facebook Ads,21462.375000000000,88634,1510
2021-10-17,Facebook Ads,5736.2222222222222222,22774,13
2022-05-11,Facebook Ads,13654.000000000000,49422,3052
2022-04-23,Google Ads,9411.5000000000000000,39832,0
2021-12-14,Facebook Ads,7797.6666666666666667,33982,339
2021-05-26,Google Ads,3062.0000000000000000,3966,2233
2021-11-22,Google Ads,1720.5000000000000000,2263,1178
2022-05-20,Google Ads,7650.8571428571428571,39879,259
2021-10-15,Facebook Ads,4463.3333333333333333,16684,129
2022-05-07,Google Ads,6524.0000000000000000,7608,5440
2021-04-07,Facebook Ads,71.0000000000000000,71,71
2020-11-16,Facebook Ads,4167.0000000000000000,4167,4167
2021-12-25,Facebook Ads,5905.7142857142857143,25455,538
2021-08-10,Facebook Ads,7370.5000000000000000,25167,682
2021-06-14,Facebook Ads,3687.1428571428571429,14565,684
2022-06-27,Google Ads,10792.3333333333333333,26211,2357
2022-04-04,Google Ads,10399.6000000000000000,32632,1264
2021-03-10,Facebook Ads,702.0000000000000000,702,702
2021-10-14,Facebook Ads,5477.0000000000000000,17863,20
2022-04-19,Google Ads,18009.500000000000,83875,486
2022-03-20,Google Ads,26860.333333333333,60914,7578
2021-08-19,Facebook Ads,5925.0000000000000000,15258,2972
2021-06-23,Facebook Ads,1768.6666666666666667,4442,100
2021-11-14,Facebook Ads,4785.0000000000000000,20770,513
2020-12-25,Facebook Ads,1099.0000000000000000,1099,1099
2020-12-09,Google Ads,2493.0000000000000000,2493,2493
2022-01-17,Facebook Ads,1758.0000000000000000,1758,1758
2022-04-21,Google Ads,11090.5000000000000000,18687,6850
2022-05-23,Google Ads,4551.7500000000000000,7177,1245
2021-08-18,Facebook Ads,9771.2500000000000000,39846,1340
2022-10-28,Facebook Ads,63033.000000000000,63033,63033
2021-06-09,Google Ads,1388.0000000000000000,3137,548
2020-11-13,Facebook Ads,318.0000000000000000,622,14
2022-04-24,Facebook Ads,6127.0000000000000000,27281,0
2021-02-08,Google Ads,516.0000000000000000,516,516
2021-04-22,Facebook Ads,12584.0000000000000000,12584,12584
2022-04-22,Google Ads,14847.000000000000,28529,233
2022-01-01,Facebook Ads,274.6666666666666667,939,0
2021-11-07,Facebook Ads,4727.5000000000000000,16174,669
2021-04-21,Google Ads,5284.0000000000000000,5284,5284
2021-08-28,Facebook Ads,10266.2857142857142857,30697,0
2021-06-16,Facebook Ads,6320.3333333333333333,25858,1446
2021-09-16,Facebook Ads,5743.0000000000000000,21099,839
2022-06-14,Google Ads,6041.7500000000000000,17140,1167
2021-07-12,Google Ads,4339.8333333333333333,6792,696
2021-07-11,Facebook Ads,3901.4444444444444444,8592,1293
2020-12-11,Google Ads,2839.0000000000000000,2839,2839
2021-08-31,Google Ads,6964.0000000000000000,11692,791
2021-08-13,Google Ads,4141.6000000000000000,9178,1327
2021-08-31,Facebook Ads,5058.8750000000000000,22141,0
2022-01-18,Facebook Ads,0.00000000000000000000,0,0
2021-09-05,Facebook Ads,7174.5000000000000000,25688,644
2022-04-18,Facebook Ads,12224.875000000000,43833,738
2021-01-24,Google Ads,1158.0000000000000000,2295,21
2022-03-19,Google Ads,8991.2500000000000000,22480,2341
2022-05-22,Google Ads,6101.7500000000000000,15728,1657
2021-02-03,Facebook Ads,735.0000000000000000,735,735
2021-05-20,Google Ads,2509.5000000000000000,2516,2503
2022-06-20,Facebook Ads,8763.0000000000000000,14071,4364
2020-12-27,Google Ads,961.6666666666666667,1358,419
2022-02-20,Facebook Ads,1033.0000000000000000,1033,1033
2022-06-30,Google Ads,14466.000000000000,37053,3014
2022-10-29,Facebook Ads,71403.000000000000,71403,71403
2021-09-09,Facebook Ads,4737.7777777777777778,16538,417
2021-02-05,Facebook Ads,1075.0000000000000000,1075,1075
2021-09-26,Facebook Ads,7325.6250000000000000,21809,23
2021-05-04,Google Ads,3604.0000000000000000,3604,3604
2021-01-23,Google Ads,235.0000000000000000,235,235
2021-02-14,Facebook Ads,2791.0000000000000000,2791,2791
2022-05-10,Facebook Ads,28304.200000000000,101760,1816
2021-06-10,Facebook Ads,3533.8750000000000000,19358,543
2021-10-31,Google Ads,1229.0000000000000000,1229,1229
2022-06-18,Facebook Ads,20881.500000000000,37775,3988
2020-12-26,Google Ads,784.0000000000000000,1098,420
2020-11-11,Facebook Ads,189.0000000000000000,189,189
2021-12-01,Google Ads,1457.0000000000000000,1494,1420
2022-01-19,Facebook Ads,0.00000000000000000000,0,0
2021-09-28,Google Ads,3984.8000000000000000,13999,540
2021-01-18,Google Ads,405.0000000000000000,752,58
2021-05-11,Google Ads,4389.0000000000000000,4389,4389
2021-06-03,Facebook Ads,5392.2000000000000000,14619,1229
2021-01-02,Google Ads,1929.0000000000000000,1929,1929
2022-02-23,Facebook Ads,3400.0000000000000000,3400,3400
2021-10-26,Google Ads,1086.5000000000000000,1331,842
2021-04-16,Facebook Ads,8602.0000000000000000,8602,8602
2022-01-29,Facebook Ads,1804.0000000000000000,1804,1804
2021-02-23,Facebook Ads,3319.0000000000000000,3319,3319
2021-04-28,Facebook Ads,1742.0000000000000000,1742,1742
2022-06-26,Facebook Ads,29359.500000000000,51452,7267
2021-12-04,Facebook Ads,6648.2857142857142857,32997,529
2020-12-06,Facebook Ads,4271.0000000000000000,4271,4271
2020-11-20,Facebook Ads,1684.0000000000000000,1684,1684
2021-04-14,Google Ads,13935.0000000000000000,13935,13935
2021-02-12,Google Ads,1570.0000000000000000,1570,1570
2021-02-01,Facebook Ads,2800.0000000000000000,2800,2800
2020-11-20,Google Ads,2433.0000000000000000,2433,2433
2021-10-30,Facebook Ads,4619.5000000000000000,14397,231
2021-02-12,Facebook Ads,1432.0000000000000000,1432,1432
2021-10-21,Facebook Ads,5504.7500000000000000,19503,0
2021-05-01,Google Ads,8618.0000000000000000,8618,8618
2021-09-19,Google Ads,5896.0000000000000000,13671,230
2021-10-08,Facebook Ads,7291.5714285714285714,22179,219
2021-05-23,Facebook Ads,19794.500000000000,62917,902
2022-04-24,Google Ads,9312.7142857142857143,46950,0
2021-09-03,Facebook Ads,9906.3333333333333333,38244,911
2022-06-28,Facebook Ads,14296.666666666667,32228,3423
2021-10-28,Google Ads,378.0000000000000000,378,378
2021-10-11,Facebook Ads,5758.1666666666666667,20140,651
2021-02-07,Facebook Ads,789.0000000000000000,789,789
2022-06-19,Google Ads,21879.000000000000,41082,2676
2022-07-01,Facebook Ads,9757.2000000000000000,38320,1485
2021-06-21,Google Ads,2122.0000000000000000,5453,325
2021-11-21,Google Ads,891.0000000000000000,891,891
2021-12-15,Facebook Ads,4068.5000000000000000,7822,678
2020-12-29,Google Ads,374.0000000000000000,374,374
2021-11-24,Facebook Ads,6069.8571428571428571,31725,415
2021-10-02,Facebook Ads,7421.1111111111111111,22587,43
2021-07-25,Facebook Ads,9439.8750000000000000,37055,1482
2021-03-09,Facebook Ads,510.0000000000000000,510,510
2021-08-14,Facebook Ads,6148.1250000000000000,18616,381
2022-06-18,Google Ads,9621.3333333333333333,16741,3366
2021-11-06,Facebook Ads,3131.4000000000000000,5754,798
2022-05-21,Google Ads,9426.4285714285714286,45723,1208
2021-05-28,Google Ads,2255.6666666666666667,2929,1309
2021-05-26,Facebook Ads,13837.000000000000,20438,1038
2021-02-08,Facebook Ads,596.0000000000000000,596,596
2021-12-01,Facebook Ads,5599.3750000000000000,24678,849
2022-06-07,Google Ads,42369.000000000000,42369,42369
2021-04-20,Google Ads,9720.0000000000000000,9720,9720
2021-07-14,Google Ads,6564.0000000000000000,12158,555
2021-05-20,Facebook Ads,15395.250000000000,55657,1064
2021-05-07,Google Ads,3564.0000000000000000,6218,910
2021-08-25,Google Ads,9478.0000000000000000,31033,877
2020-12-19,Google Ads,884.0000000000000000,884,884
2021-08-25,Facebook Ads,6311.1428571428571429,24969,1060
2020-12-18,Facebook Ads,1116.0000000000000000,1116,1116
2022-07-03,Google Ads,19757.000000000000,39514,0
2020-11-24,Google Ads,2402.0000000000000000,2402,2402
2021-11-13,Google Ads,1102.6666666666666667,1421,717
2021-06-25,Google Ads,1554.2000000000000000,2522,106
2021-06-30,Google Ads,2790.2000000000000000,6826,0
2022-10-27,Facebook Ads,35963.000000000000,35963,35963
2021-05-25,Google Ads,1601.6666666666666667,2597,1082
2021-12-22,Google Ads,1654.0000000000000000,2827,481
2022-05-02,Facebook Ads,10806.0000000000000000,16973,7179
2021-08-30,Google Ads,8875.0000000000000000,22557,1300
2021-06-09,Facebook Ads,7787.4285714285714286,43743,729
2022-01-04,Facebook Ads,482.0000000000000000,964,0
2022-04-02,Facebook Ads,20798.428571428571,71287,653
2022-10-27,Google Ads,48639.000000000000,48639,48639
2021-05-16,Google Ads,1997.0000000000000000,2635,1359
2021-08-23,Facebook Ads,8163.8750000000000000,35226,1417
2022-04-21,Facebook Ads,16742.750000000000,38813,611
2021-10-04,Facebook Ads,5803.0000000000000000,18813,30
2022-05-26,Facebook Ads,3059.8333333333333333,4999,1486
2022-06-11,Google Ads,24093.000000000000,44721,3465
2020-12-22,Facebook Ads,2511.0000000000000000,2511,2511
2020-12-05,Google Ads,1622.0000000000000000,1622,1622
2022-05-25,Facebook Ads,9480.5000000000000000,36951,2758
2022-01-04,Google Ads,0.00000000000000000000,0,0
2022-01-16,Facebook Ads,3511.0000000000000000,3511,3511
2020-12-30,Facebook Ads,802.5000000000000000,1510,95
2021-07-04,Google Ads,6328.0000000000000000,9564,3663
2021-05-10,Google Ads,2861.5000000000000000,3319,2404
2021-05-08,Facebook Ads,9611.5000000000000000,17684,1539
2021-06-05,Facebook Ads,7397.8333333333333333,23631,303
2022-05-31,Facebook Ads,18270.000000000000,52755,0
2021-12-27,Google Ads,1202.6666666666666667,1915,347
2021-05-29,Facebook Ads,18754.800000000000,85392,802
2021-10-20,Facebook Ads,5732.7500000000000000,19261,0
2021-07-10,Google Ads,4188.3333333333333333,7934,1456
2021-08-15,Facebook Ads,11968.000000000000,43823,754
2021-02-18,Facebook Ads,1879.0000000000000000,1879,1879
2022-05-16,Facebook Ads,4899.0000000000000000,7528,1454
2021-12-28,Google Ads,1694.3333333333333333,2316,531
2021-04-29,Google Ads,1834.0000000000000000,1834,1834
2021-12-17,Google Ads,816.0000000000000000,1306,237
2021-06-27,Facebook Ads,5342.2000000000000000,27542,4
2021-11-11,Facebook Ads,1913.8571428571428571,3972,354
2022-05-12,Google Ads,4196.6000000000000000,10375,0
2021-10-08,Google Ads,4687.6666666666666667,12542,39
2022-05-27,Google Ads,8085.8571428571428571,38740,1055
2021-08-27,Google Ads,3864.3333333333333333,5625,1480
2020-12-07,Facebook Ads,3729.0000000000000000,3729,3729
2022-04-30,Facebook Ads,23464.666666666667,49948,8330
2022-05-30,Facebook Ads,9658.0000000000000000,47899,2672
2022-04-17,Facebook Ads,25321.125000000000,78320,1735
2021-01-27,Facebook Ads,866.3333333333333333,1878,168
2020-11-27,Google Ads,1827.0000000000000000,1827,1827
2022-03-22,Google Ads,7917.2500000000000000,11457,124
2021-06-02,Google Ads,3122.0000000000000000,3641,2603
2022-06-29,Facebook Ads,20106.000000000000,30704,9508
2021-11-05,Facebook Ads,6705.5000000000000000,12115,1616
2021-11-01,Google Ads,1319.3333333333333333,2702,293
2021-09-06,Google Ads,4308.7500000000000000,9928,918
2021-01-29,Facebook Ads,996.0000000000000000,996,996
2022-06-22,Google Ads,11477.6666666666666667,26767,1063
2021-04-26,Google Ads,2885.5000000000000000,5155,616
2021-01-26,Facebook Ads,993.5000000000000000,1843,144
2021-11-14,Google Ads,988.5000000000000000,1566,411
2021-09-21,Facebook Ads,7344.7500000000000000,23588,477
2022-05-23,Facebook Ads,7105.5000000000000000,30307,1462
2022-03-19,Facebook Ads,12779.6666666666666667,23775,5157
2021-05-11,Facebook Ads,4986.5000000000000000,8447,1526
2021-11-07,Google Ads,1788.0000000000000000,3388,484
2022-06-03,Facebook Ads,15068.666666666667,39089,2415
2020-11-13,Google Ads,1054.0000000000000000,1054,1054
2021-05-30,Facebook Ads,26744.400000000000,113474,2014
2021-03-13,Facebook Ads,81.0000000000000000,81,81
2021-01-25,Google Ads,1278.0000000000000000,1278,1278
2021-11-02,Google Ads,248.0000000000000000,248,248
2021-11-28,Facebook Ads,5766.4285714285714286,20031,1122
2020-12-15,Google Ads,2069.0000000000000000,2069,2069
2021-11-17,Google Ads,1202.0000000000000000,1593,767
2022-06-16,Google Ads,12462.0000000000000000,21566,3358
2021-08-12,Facebook Ads,7932.3750000000000000,31306,220
2021-02-16,Facebook Ads,2225.0000000000000000,2225,2225
2022-01-15,Facebook Ads,2934.0000000000000000,2934,2934
2022-01-13,Facebook Ads,711.0000000000000000,711,711
2021-10-20,Google Ads,1075.7500000000000000,2216,476
2022-07-05,Google Ads,10758.0000000000000000,21516,0
2022-10-31,Facebook Ads,22745.000000000000,22745,22745
2022-06-11,Facebook Ads,11004.8000000000000000,40786,1188
2022-02-18,Facebook Ads,1715.0000000000000000,1715,1715
2022-04-16,Google Ads,16539.125000000000,44195,575
2022-04-04,Facebook Ads,19235.375000000000,44084,624
2022-04-07,Facebook Ads,11715.000000000000,35410,772
2021-11-10,Google Ads,824.0000000000000000,1125,570
2021-08-07,Facebook Ads,3844.1250000000000000,8872,629
2020-12-09,Facebook Ads,2565.0000000000000000,2565,2565
2021-08-16,Facebook Ads,5467.2222222222222222,21635,189
2022-03-20,Facebook Ads,12769.250000000000,27690,682
2021-01-10,Google Ads,2707.0000000000000000,2707,2707
2021-12-02,Facebook Ads,4724.8333333333333333,11503,748
2021-09-15,Facebook Ads,11287.625000000000,33908,387
2022-05-15,Facebook Ads,7684.2500000000000000,23733,1335
2021-10-07,Facebook Ads,4790.0000000000000000,19906,0
2021-08-26,Google Ads,6543.2500000000000000,15246,1485
2022-05-25,Google Ads,4440.1428571428571429,10993,1131
2022-01-07,Facebook Ads,2891.0000000000000000,2891,2891
2021-09-25,Google Ads,7048.2000000000000000,20865,14
2021-10-25,Google Ads,1168.7500000000000000,2077,313
2021-04-19,Facebook Ads,16880.0000000000000000,16880,16880
2021-09-24,Facebook Ads,6763.4285714285714286,19333,67
2021-07-05,Facebook Ads,6701.5000000000000000,25668,11
2021-04-14,Facebook Ads,4333.0000000000000000,4333,4333
2021-09-13,Google Ads,3868.2000000000000000,11383,1173
2021-05-24,Facebook Ads,4761.5000000000000000,14392,463
2021-03-06,Facebook Ads,1025.0000000000000000,1025,1025
2021-07-28,Facebook Ads,10071.0000000000000000,32881,2498
2022-05-19,Facebook Ads,13466.500000000000,42731,1294
2022-05-04,Google Ads,4450.7500000000000000,7923,1468
2021-09-27,Facebook Ads,6270.0000000000000000,21265,72
2020-12-06,Google Ads,2225.0000000000000000,2225,2225
2021-09-30,Google Ads,2257.4000000000000000,4288,49
2021-05-22,Google Ads,1965.5000000000000000,2171,1760
2022-03-25,Facebook Ads,28491.500000000000,38752,19743
2022-06-04,Facebook Ads,10555.0000000000000000,21562,5014
2021-10-27,Google Ads,499.5000000000000000,598,401
2022-06-08,Google Ads,11976.0000000000000000,20486,3466
2021-11-01,Facebook Ads,2330.2000000000000000,3904,843
2021-05-06,Facebook Ads,8864.0000000000000000,8864,8864
2021-05-09,Facebook Ads,5123.5000000000000000,7983,2264
2021-01-23,Facebook Ads,711.0000000000000000,711,711
2022-01-30,Facebook Ads,998.0000000000000000,998,998
2021-07-01,Facebook Ads,8659.6250000000000000,44481,0
2021-02-17,Google Ads,1979.0000000000000000,1979,1979
2021-11-19,Facebook Ads,3230.3750000000000000,10946,797
2021-06-22,Facebook Ads,2328.3750000000000000,5766,20
2020-12-14,Facebook Ads,1598.0000000000000000,1598,1598
2021-01-01,Google Ads,105.0000000000000000,105,105
2021-06-29,Facebook Ads,6225.4444444444444444,30787,0
2021-07-13,Google Ads,1611.2500000000000000,2098,988
2021-02-19,Facebook Ads,1063.0000000000000000,2044,82
2022-06-08,Facebook Ads,18065.000000000000,43416,3033
2020-11-16,Google Ads,2760.0000000000000000,2760,2760
2021-09-14,Facebook Ads,10139.0000000000000000,31171,173
2021-07-03,Google Ads,4065.0000000000000000,11407,6
2022-01-02,Google Ads,0.00000000000000000000,0,0
2021-05-05,Facebook Ads,3666.5000000000000000,6610,723
2022-03-22,Facebook Ads,15381.600000000000,46435,251
2022-06-22,Facebook Ads,6118.0000000000000000,11019,1217
2021-08-05,Google Ads,5298.0000000000000000,6711,3885
2022-02-19,Facebook Ads,642.0000000000000000,642,642
2022-06-24,Google Ads,8827.6666666666666667,23676,1183
2021-09-27,Google Ads,3818.0000000000000000,6333,55
2021-02-17,Facebook Ads,639.0000000000000000,639,639
2022-01-11,Facebook Ads,1146.0000000000000000,1146,1146
2022-04-20,Google Ads,8092.4000000000000000,21837,646
2022-04-10,Google Ads,10400.5000000000000000,19195,1649
2022-04-27,Google Ads,6349.2500000000000000,8794,3806
2021-04-16,Google Ads,8969.0000000000000000,8969,8969
2022-04-13,Facebook Ads,21557.125000000000,82077,360
2021-09-29,Facebook Ads,5676.4444444444444444,18522,14
2021-01-21,Google Ads,1791.0000000000000000,1791,1791
2020-12-16,Facebook Ads,3203.0000000000000000,3203,3203
2022-04-15,Google Ads,17559.285714285714,44972,270
2020-12-20,Google Ads,3383.0000000000000000,3383,3383
2021-11-12,Facebook Ads,8545.0000000000000000,20828,389
2020-12-28,Facebook Ads,1056.2500000000000000,1487,1
2022-07-10,Facebook Ads,23434.000000000000,23434,23434
2021-01-20,Google Ads,704.5000000000000000,1267,142
2022-06-07,Facebook Ads,7585.5000000000000000,9182,5989
2020-12-28,Google Ads,1232.0000000000000000,2461,3
2022-04-17,Google Ads,19513.125000000000,60462,674
2021-12-29,Facebook Ads,2332.1428571428571429,7900,585
2021-07-19,Google Ads,5072.0000000000000000,10621,1978
2022-07-09,Google Ads,36999.000000000000,36999,36999
2021-08-29,Google Ads,7696.0000000000000000,11206,2585
2022-06-13,Facebook Ads,21131.666666666667,49496,2543
2021-09-26,Google Ads,6862.0000000000000000,18733,22
2021-08-26,Facebook Ads,7681.0000000000000000,25389,1537
2020-11-19,Facebook Ads,1083.0000000000000000,1083,1083
2021-07-24,Facebook Ads,14524.625000000000,54497,873
2022-03-25,Google Ads,14094.750000000000,25957,4446
2021-05-30,Google Ads,1876.3333333333333333,2838,861
2022-06-17,Google Ads,8542.5000000000000000,12084,5001
2021-07-01,Google Ads,2244.1250000000000000,9675,0
2021-10-19,Google Ads,1468.0000000000000000,3681,0
2021-08-30,Facebook Ads,11620.428571428571,41534,321
2022-01-14,Facebook Ads,1894.0000000000000000,1894,1894
2021-12-26,Facebook Ads,3051.3750000000000000,10384,652
2021-02-27,Facebook Ads,0.00000000000000000000,0,0
2021-08-14,Google Ads,2635.2500000000000000,4359,1767
2021-03-11,Facebook Ads,920.0000000000000000,920,920
2022-02-24,Facebook Ads,734.0000000000000000,734,734
2022-07-09,Facebook Ads,46170.000000000000,46170,46170
2021-09-22,Facebook Ads,5532.8750000000000000,16413,1115
2021-09-10,Facebook Ads,8128.3000000000000000,42850,195
2021-12-31,Facebook Ads,2476.8571428571428571,12719,440
2020-12-25,Google Ads,2049.0000000000000000,2049,2049
2021-12-11,Facebook Ads,3620.6250000000000000,11986,281
2021-06-12,Facebook Ads,4621.8750000000000000,26544,149
2022-02-07,Facebook Ads,1602.0000000000000000,1602,1602
2021-06-21,Facebook Ads,6749.5714285714285714,31521,1207
2021-02-18,Google Ads,2305.0000000000000000,2305,2305
2020-12-18,Google Ads,2355.0000000000000000,2355,2355
2022-04-26,Facebook Ads,9304.6000000000000000,28446,0
2021-06-18,Facebook Ads,4597.4285714285714286,12522,1068
2021-07-23,Facebook Ads,16713.500000000000,70626,671
2021-09-28,Facebook Ads,9037.2500000000000000,25031,33
2021-05-03,Google Ads,1484.5000000000000000,1814,1155
2021-08-28,Google Ads,8139.0000000000000000,30781,0
2021-01-10,Facebook Ads,1680.0000000000000000,1680,1680
2021-09-29,Google Ads,4021.5000000000000000,12537,23
2021-08-03,Facebook Ads,8069.3750000000000000,21654,640
2021-06-28,Facebook Ads,4478.1111111111111111,15261,124
2021-02-28,Google Ads,0.00000000000000000000,0,0
2021-07-29,Facebook Ads,9708.1250000000000000,27989,1976
2022-06-25,Google Ads,9922.3333333333333333,18577,2557
2022-05-19,Google Ads,6196.3333333333333333,10384,3868
2022-02-22,Facebook Ads,957.0000000000000000,957,957
2022-06-23,Google Ads,12330.0000000000000000,23610,1050
2021-11-26,Google Ads,1851.5000000000000000,2104,1599
2021-12-09,Google Ads,2060.5000000000000000,3352,769
2022-04-29,Google Ads,13216.3333333333333333,34204,1381
2022-07-11,Google Ads,8565.0000000000000000,8565,8565
2022-06-21,Facebook Ads,22266.333333333333,57803,3885
2021-10-16,Facebook Ads,4247.1250000000000000,10673,65
2021-09-06,Facebook Ads,6736.1250000000000000,25487,1005
2021-01-17,Google Ads,3797.0000000000000000,7553,41
2021-08-05,Facebook Ads,8528.1428571428571429,35695,796
2021-10-22,Facebook Ads,5225.5714285714285714,17285,0
2021-05-28,Facebook Ads,3901.7500000000000000,8524,718
2022-01-20,Facebook Ads,0.00000000000000000000,0,0
2021-08-15,Google Ads,8591.6666666666666667,26805,1102
2021-08-09,Facebook Ads,5005.8888888888888889,17105,0
2020-12-10,Facebook Ads,2552.0000000000000000,2552,2552
2022-07-08,Facebook Ads,17148.0000000000000000,17148,17148
2022-06-17,Facebook Ads,6911.3333333333333333,13680,2732
2021-01-25,Facebook Ads,1413.0000000000000000,1413,1413
2021-09-02,Google Ads,4317.0000000000000000,12089,1562
2021-10-27,Facebook Ads,3104.5000000000000000,5960,309
2021-06-01,Facebook Ads,7148.0000000000000000,25253,881
2022-03-23,Facebook Ads,17922.400000000000,56347,1265
2020-12-21,Facebook Ads,2307.0000000000000000,2307,2307
2022-06-04,Google Ads,7215.0000000000000000,11970,2460
2021-08-08,Google Ads,7447.0000000000000000,22239,855
2022-06-02,Facebook Ads,18730.333333333333,51425,2051
2021-04-19,Google Ads,5962.0000000000000000,5962,5962
2021-10-01,Google Ads,8631.0000000000000000,20800,50
2021-07-03,Facebook Ads,5188.1000000000000000,15319,5
2022-01-09,Facebook Ads,2850.0000000000000000,2850,2850
2020-11-23,Google Ads,2762.0000000000000000,2762,2762
2021-05-22,Facebook Ads,13728.000000000000,50590,782
2021-01-19,Facebook Ads,592.0000000000000000,1120,64
2021-05-07,Facebook Ads,6763.5000000000000000,12384,1143
2021-05-13,Google Ads,2032.5000000000000000,2360,1705
2021-09-14,Google Ads,7188.1666666666666667,23932,583
2021-08-18,Google Ads,7558.0000000000000000,25576,1230
2020-11-30,Facebook Ads,3984.0000000000000000,3984,3984
2021-02-22,Google Ads,5231.0000000000000000,5231,5231
2021-07-02,Google Ads,2712.0000000000000000,8787,1
2022-05-02,Google Ads,15375.000000000000,38234,783
2022-05-06,Google Ads,11093.3333333333333333,25086,1371
2021-11-11,Google Ads,2193.5000000000000000,3762,625
2021-01-31,Facebook Ads,1278.0000000000000000,1278,1278
2021-08-24,Google Ads,5486.8000000000000000,10289,1894
2021-07-15,Google Ads,7896.0000000000000000,15128,1959
2021-10-19,Facebook Ads,5059.8571428571428571,20926,0
2022-04-01,Facebook Ads,10030.7500000000000000,21663,2276
2021-04-09,Facebook Ads,204.0000000000000000,322,86
2021-07-08,Facebook Ads,4117.3750000000000000,14865,482
2022-05-05,Google Ads,11333.3333333333333333,12998,9836
2021-07-22,Facebook Ads,9776.6250000000000000,34129,1196
2022-04-05,Facebook Ads,16606.142857142857,45152,1707
2021-11-27,Facebook Ads,3387.1666666666666667,12430,780
2021-12-25,Google Ads,2418.6666666666666667,4059,1592
2021-09-30,Facebook Ads,5734.1111111111111111,17208,72
2021-08-08,Facebook Ads,5155.6250000000000000,21487,579
2021-06-07,Google Ads,1891.0000000000000000,1891,1891
2022-07-03,Facebook Ads,24949.000000000000,49898,0
2022-05-22,Facebook Ads,5135.1666666666666667,16330,1402
2021-06-13,Google Ads,1154.0000000000000000,1761,547
2021-10-24,Google Ads,869.0000000000000000,1425,394
2022-05-10,Google Ads,26730.500000000000,49911,3550
2021-05-06,Google Ads,4671.0000000000000000,6946,2396
2021-11-20,Google Ads,2781.0000000000000000,2781,2781
2020-12-20,Facebook Ads,1731.0000000000000000,1731,1731
2021-04-21,Facebook Ads,8331.0000000000000000,8331,8331
2021-07-24,Google Ads,8491.0000000000000000,14525,1665
2020-11-28,Facebook Ads,854.0000000000000000,854,854
2020-11-14,Google Ads,1.00000000000000000000,1,1
2021-09-11,Google Ads,6053.5000000000000000,15909,352
2022-05-29,Google Ads,3691.0000000000000000,7945,1069
2022-03-29,Facebook Ads,17105.000000000000,97021,436
2021-10-18,Facebook Ads,4874.5714285714285714,16630,1220
2021-11-20,Facebook Ads,4287.5000000000000000,20421,716
2021-10-04,Google Ads,3848.8333333333333333,13327,27
2022-07-01,Google Ads,19236.000000000000,55589,490
2021-11-30,Facebook Ads,3504.0000000000000000,7255,1587
2021-06-01,Google Ads,1346.0000000000000000,1346,1346
2022-05-20,Facebook Ads,8487.1428571428571429,47242,465
2022-06-12,Google Ads,11935.2500000000000000,33442,1155
2021-05-19,Facebook Ads,10782.2000000000000000,44079,1730
2021-01-14,Google Ads,3318.0000000000000000,3318,3318
2020-11-17,Facebook Ads,1261.0000000000000000,1261,1261
2022-05-18,Google Ads,4725.0000000000000000,7110,2014
2021-11-16,Google Ads,2231.0000000000000000,3139,1414
2021-09-02,Facebook Ads,5409.6666666666666667,15981,1465
2021-09-12,Google Ads,8286.2500000000000000,17294,747
2022-02-13,Facebook Ads,3716.0000000000000000,3716,3716
2021-08-21,Facebook Ads,10622.1250000000000000,42480,939
2021-11-15,Google Ads,1820.0000000000000000,2307,952
2022-03-31,Facebook Ads,18168.625000000000,80472,1714
2021-11-16,Facebook Ads,6045.2500000000000000,19147,206
2022-07-07,Google Ads,18101.500000000000,36203,0
2021-01-05,Facebook Ads,8115.0000000000000000,8115,8115
2021-01-08,Google Ads,226.0000000000000000,226,226
2021-09-08,Facebook Ads,9554.3750000000000000,31305,517
2021-12-03,Facebook Ads,6476.7500000000000000,29663,779
2022-03-29,Google Ads,3672.8333333333333333,12319,709
2021-12-21,Facebook Ads,8821.8333333333333333,36691,1636
2021-08-06,Google Ads,6234.2000000000000000,11757,607
2021-09-20,Facebook Ads,8905.5000000000000000,34193,287
2021-05-15,Google Ads,1670.0000000000000000,1670,1670
2020-12-31,Google Ads,1368.0000000000000000,1368,1368
2021-10-15,Google Ads,6041.0000000000000000,18973,786
2022-05-24,Facebook Ads,6149.5000000000000000,16475,2323
2021-12-06,Facebook Ads,7590.2857142857142857,37166,850
2021-07-27,Facebook Ads,9082.8750000000000000,44489,1776
2021-04-23,Google Ads,5111.0000000000000000,5111,5111
2021-05-17,Facebook Ads,4440.0000000000000000,12972,1546
2021-09-16,Google Ads,3830.0000000000000000,5754,2372
2021-12-22,Facebook Ads,3471.5000000000000000,13356,325
2021-07-19,Facebook Ads,13067.875000000000,40964,1175
2022-04-14,Google Ads,13768.166666666667,29185,519
2020-12-13,Facebook Ads,2503.0000000000000000,2503,2503
2021-05-19,Google Ads,1235.0000000000000000,2068,402
2021-10-11,Google Ads,2688.3333333333333333,3002,2526
2021-01-24,Facebook Ads,1092.5000000000000000,2177,8
2021-11-05,Google Ads,1241.5000000000000000,1315,1168
2022-02-17,Facebook Ads,2232.0000000000000000,2232,2232
2021-05-17,Google Ads,1713.0000000000000000,3654,517
2021-04-15,Google Ads,3288.0000000000000000,3288,3288
2021-06-03,Google Ads,2022.0000000000000000,3530,644
2021-10-25,Facebook Ads,4690.2857142857142857,12504,376
2021-02-14,Google Ads,1974.0000000000000000,1974,1974
2022-06-28,Google Ads,18618.666666666667,46784,2738
2022-03-24,Google Ads,11680.0000000000000000,23208,439
2022-03-26,Google Ads,10700.3750000000000000,41719,735
2021-12-04,Google Ads,1134.0000000000000000,2103,165
2021-10-13,Facebook Ads,7999.3750000000000000,23172,1521
2022-07-04,Facebook Ads,24408.000000000000,48816,0
2022-06-09,Google Ads,7419.5000000000000000,7454,7385
2021-06-19,Facebook Ads,7108.5714285714285714,31420,1083
2022-10-31,Google Ads,14153.0000000000000000,14153,14153
2021-12-02,Google Ads,1326.5000000000000000,2062,591
2021-12-21,Google Ads,816.6666666666666667,1328,144
2021-06-23,Google Ads,2587.0000000000000000,4078,1652
2021-07-12,Facebook Ads,7955.6250000000000000,26031,151
2021-10-03,Facebook Ads,7862.7142857142857143,21796,12
2021-10-09,Google Ads,2464.0000000000000000,6543,0
2021-10-07,Google Ads,2386.7500000000000000,4979,0
2021-02-22,Facebook Ads,2805.5000000000000000,5427,184
2021-06-08,Facebook Ads,2107.3333333333333333,4580,533
2020-12-04,Google Ads,616.0000000000000000,616,616
2021-12-23,Google Ads,625.0000000000000000,858,392
2022-04-07,Google Ads,26509.000000000000,69111,5544
2022-06-01,Google Ads,8334.0000000000000000,28630,0
2022-06-06,Google Ads,15691.500000000000,25188,6195
2021-02-15,Facebook Ads,2153.0000000000000000,2153,2153
2021-05-23,Google Ads,1674.3333333333333333,2060,1369
2022-06-26,Google Ads,6289.0000000000000000,10176,2402
2021-11-18,Facebook Ads,2065.2500000000000000,4137,1075
2021-06-24,Facebook Ads,2916.6000000000000000,14103,94
2021-05-27,Google Ads,1442.0000000000000000,2145,739
2022-04-09,Facebook Ads,26436.000000000000,88536,291
2022-05-08,Google Ads,10860.0000000000000000,11451,9821
2021-11-27,Google Ads,623.3333333333333333,938,213
2020-12-31,Facebook Ads,643.5000000000000000,1287,0
2020-12-02,Facebook Ads,2227.0000000000000000,2227,2227
2021-11-21,Facebook Ads,3275.8888888888888889,16239,298
2021-12-18,Facebook Ads,5590.5000000000000000,12401,1820
2020-12-21,Google Ads,3253.0000000000000000,3253,3253
2020-12-17,Google Ads,1002.0000000000000000,1002,1002
2021-07-16,Facebook Ads,9071.4285714285714286,35256,612
2021-07-20,Google Ads,7101.2000000000000000,19889,1382
2022-04-13,Google Ads,24250.400000000000,74837,515
2022-06-16,Facebook Ads,8410.2500000000000000,29683,0
2022-04-19,Facebook Ads,19981.200000000000,67928,383
2020-12-30,Google Ads,2772.0000000000000000,2772,2772
2022-01-12,Facebook Ads,838.0000000000000000,838,838
2020-11-18,Google Ads,372.0000000000000000,372,372
2021-03-05,Facebook Ads,749.0000000000000000,749,749
2021-04-17,Facebook Ads,6244.0000000000000000,6244,6244
2021-09-10,Google Ads,5636.8333333333333333,20913,1411
2021-11-25,Google Ads,1751.3333333333333333,3606,799
2021-11-17,Facebook Ads,3587.1111111111111111,12680,561
2021-06-17,Google Ads,2679.2500000000000000,5533,832
2021-04-15,Facebook Ads,5443.0000000000000000,5443,5443
2022-05-13,Google Ads,3980.6666666666666667,5897,2096
2022-06-15,Google Ads,6956.0000000000000000,18067,204
2021-04-20,Facebook Ads,17115.0000000000000000,17115,17115
2020-12-10,Google Ads,678.0000000000000000,678,678
2021-08-02,Facebook Ads,6688.1250000000000000,23159,603
2021-07-20,Facebook Ads,9003.2500000000000000,40393,1116
2022-04-18,Google Ads,19659.000000000000,60641,343
2021-12-16,Google Ads,989.6666666666666667,1952,361
2021-08-04,Google Ads,9057.0000000000000000,25567,936
2021-06-07,Facebook Ads,8862.0000000000000000,40043,62
